"Table 4 - Full list of first forenames given, Scotland, 2009",,,,
,,,,
Boys names,Number of babies,,Girls names,Number of babies
AADAM,2,,A'ISHA,1
AADEN,3,,AAILA,1
AADVIK,1,,AAIRAH,2
AAGMAN,1,,AAISHAH,1
AAHIL,2,,AAIZA,1
AAKASH,1,,AALEAH,1
AALIM,1,,AALIEGHA,1
AAMIR,1,,AALIYAH,14
AARAN,6,,AAMINA,2
AARAV,4,,AAMNA,1
AARIZ,1,,AANISAH,1
AARNAV,1,,AANYA,1
AARON,376,,AAROHI,1
AARRON,4,,AARUSHI,1
AARYAN,2,,AASHNA,1
AARYAV,1,,AASIYA,1
AARYN,2,,AAVA,1
AASHISH,1,,ABBE,1
AATHREY,1,,ABBEY,23
AAYAN,6,,ABBEY-LOUISE,1
AAYDN,1,,ABBI,20
AAYUSH,1,,ABBI-LEIGH,1
AAZAN,1,,ABBIE,165
ABBAS,1,,ABBIE-JO,1
ABBIE,1,,ABBIE-LEE,1
ABD,3,,ABBIE-LEI,1
ABDALLAH,1,,ABBIE-LEIGH,2
ABDEL,1,,ABBIE-ROSE,1
ABDELRAHMAN,1,,ABBIEGAIL,2
ABDOUALLAH,1,,ABBIGAEL,1
ABDOULIE,1,,ABBIGAIL,2
ABDUL,11,,ABBIGALE,1
ABDUL-BASIT,1,,ABBINEY,1
ABDUL-MAJEED,1,,ABBY,51
ABDUL-RAHMAN,1,,ABBY-LEIGH,2
ABDULFATAH,1,,ABBYGAIL,1
ABDULFAWAZ,1,,ABEER,1
ABDULHADI,1,,ABEERAH,1
ABDULHAMID,1,,ABHITHI,1
ABDULLAH,13,,ABI,36
ABDULLAHI,1,,ABI-JO,1
ABDULLBASIT,1,,ABI-TAYLOR,1
ABDULMAJEED,1,,ABIGAEL,2
ABDULMOAMEN,1,,ABIGAIL,133
ABDULRAHMAN,2,,ABIGAIL-ROSE,1
ABDUR-RAHMAN,1,,ABIGALE,2
ABDUS-SALAM,1,,ABILEIGH,1
ABDUS-SAMAD,1,,ABISHA,1
ABDUSHAKUR,1,,ABOMMA,1
ABE,1,,ABRIN,1
ABED,1,,ABY,1
ABEL,2,,ADA,5
ABISHAN,1,,ADAH,1
ABRAHAM,4,,ADAOBI,1
ABU,2,,ADAYRE,1
ABUBAKAR,2,,ADDISON,8
ABUBAKER,1,,ADEDAMOLA,1
ABUKAR,1,,ADELA,1
ADAM,274,,ADELAIDE,2
ADAM-JESSE,1,,ADELE,6
ADAM-JORG,1,,ADELINE,1
ADDISON,1,,ADELLE,4
ADEBAYO,1,,ADEMOE,1
ADEM,2,,ADESOLA,1
ADEN,17,,ADI,1
ADESH,1,,ADIA,1
ADI,1,,ADIAN,2
ADIAN,3,,ADISON,1
ADIEL,1,,ADISYN,1
ADIL,2,,ADIYA,1
ADITHYA,1,,ADLYNA,1
ADITYA,2,,ADORA,1
ADONIS,1,,ADRIANA,3
ADRIAN,18,,ADRIANE-ANGEL,1
ADRIANS,1,,ADRIANNA,1
ADRIEN,2,,ADVIKA,1
ADWAIT,1,,ADWOAH,1
ADWELL,1,,AEKJOT,1
ADWIN,1,,AELA,4
ADYN,1,,AELEIGH,1
AED,1,,AERIN,1
AEDAN,8,,AESHA,1
AEREN,1,,AEVA-LOUISE,1
AERON,1,,AFEEFAH,1
AEZAZ,1,,AFNAN,1
AFOLABI,1,,AFRAA,1
AHMAD,8,,AFTON,2
AHMED,5,,AFUA,1
AHNAF,1,,AGATA,3
AHREN,1,,AGNES,2
AHRON,1,,AGNIESZKA,1
AIDAN,135,,AIBHLINN,1
AIDAN-JAMES,1,,AICHA,1
AIDEN,310,,AIEESHA,1
AIDEN-JAMES,1,,AIESHA,1
AIDYN,4,,AILA,7
AILBE,1,,AILAINA,1
AILEAN,1,,AILANA,1
AIN,1,,AILAYH,1
AIVEN,1,,AILEANA,1
AJ,2,,AILEEN,2
AJAY,6,,AILEIGH,4
AKACHUKWUJIM,1,,AILEY,6
AKINTAYO,1,,AILIDH,11
AKINTOMIWA,1,,AILIE,8
AKITO,1,,AILISH,4
AKSHAY,1,,AILLIE,2
AKUILA,1,,AILSA,34
AL-MOAYAD,1,,AILYSH,1
ALAISDAIR,1,,AIMAL,1
ALAISTAIR,1,,AIMEE,182
ALAN,44,,AIMEE-JANE,1
ALASDAIR,32,,AIMEE-LEE,2
ALASTAIR,23,,AIMEE-LEIGH,10
ALASTAIRE,1,,AIMEE-LOUISE,3
ALBARAA,1,,AIMEN,1
ALBERT,2,,AIMEY,1
ALBIN,1,,AIMEY-LOUISE,1
ALBY,1,,AIMI,1
ALEC,2,,AIMIE,4
ALECHANDRE,1,,AIMIE-JAI,1
ALEJANDRO,3,,AIMIEE,1
ALEK,1,,AIMY,2
ALEKS,2,,AINARA,1
ALEKSANDER,10,,AINE,5
ALEKSANDR,1,,AINSLEY,5
ALESSANDRO,2,,AINSLIE,1
ALESSIO,1,,AIRA,1
ALEX,73,,AISHA,21
ALEXANDER,321,,AISHAH,1
ALEXANDER-JAMES,1,,AISHWARYA,2
ALEXANDR,1,,AISLA,2
ALEXANDRE,1,,AISLEIGH-RAE,1
ALEXEI,1,,AISLING,2
ALEXI,1,,AISLINN,3
ALEXZANDER,4,,AIVA,5
ALFEY,1,,AIYANA,1
ALFI,2,,AIYANNA,1
ALFIE,170,,AIZA,1
ALFIE-JOHN,1,,AIZAH,3
ALFRED,19,,AJWA,1
ALI,18,,AJWAA,1
ALI-ABBAS,1,,AKALYA,1
ALI-ASGHER,1,,AKIRA,1
ALI-HUSSAN,1,,ALAA,1
ALI-MUHAMMAD,1,,ALAE,1
ALICK,1,,ALAIA,1
ALISDAIR,3,,ALAIDA,1
ALISTAIR,37,,ALAINA,1
ALISTER,1,,ALAMANDA,1
ALIX,2,,ALANA,28
ALLAN,19,,ALANI,1
ALLAN-JAMES,1,,ALANIS,1
ALLEN,1,,ALANNA,10
ALLICK,1,,ALANNAH,8
ALLISTAIR,1,,ALARA,1
ALLY,3,,ALAYNA,4
ALMEHDI,1,,ALBA,4
ALMONTATHER,1,,ALBATOL,1
ALMONTISER,1,,ALEAH,6
ALPER,1,,ALECIA,1
ALPHONSE,1,,ALECIA-HAYLEIGH,1
ALVIN,2,,ALEECIA,1
ALZUBAIR,1,,ALEEHA,1
AMAAN,2,,ALEENA,8
AMAAR,1,,ALEESHA,8
AMAARI,1,,ALEEZA,6
AMAL,2,,ALEIGHA,2
AMANDEEP,1,,ALEIGHYA,1
AMANDEV,1,,ALEISHA,9
AMANZHAN,1,,ALEISHA-LEIGH,1
AMARDEV,1,,ALEISHA-MARIE,1
AMEEN,1,,ALEISHIA,1
AMEER,1,,ALEKSANDRA,14
AMEIN,1,,ALESHA,39
AMIN,1,,ALESHA-JANE,1
AMINDEEP,1,,ALESHIA,1
AMIR,4,,ALESIA,1
AMJAD,1,,ALESJA,1
AMMAR,2,,ALESSA,1
AMMAZ,1,,ALESSIA,4
AMOGH,1,,ALEX,46
AMOR,1,,ALEXA,21
AMRIDEAN,1,,ALEXA-ABBY,1
AMRITBIR,1,,ALEXANDRA,57
ANAS,5,,ALEXANDREA,1
ANATOLE,1,,ALEXANDRIA,4
ANDAM,1,,ALEXANDRINA,1
ANDERS,3,,ALEXIA,5
ANDERSON,3,,ALEXIS,33
ANDREAS,3,,ALEXIS-ROSE,1
ANDREAS-JAMES,1,,ALEXIUS-LEE,1
ANDREI,2,,ALEXSANDRA,1
ANDRES,1,,ALEXSEY,1
ANDREU,1,,ALEXX,1
ANDREW,206,,ALEXYZ,1
ANDREY,1,,ALEYAH,1
ANDRZEJ,1,,ALEYNA,2
ANDY,3,,ALI,2
ANEEQ,1,,ALIA,4
ANGUS,91,,ALIANA,1
ANIS,1,,ALIANNA,1
ANISH,1,,ALICE,39
ANJOLAOLUWA,2,,ALICIA,24
ANMOL,1,,ALICIA-JANE,1
ANSEL,1,,ALICIA-LOUISE,1
ANSH,2,,ALICJA,12
ANSHUMAN,1,,ALIEHS,1
ANTHONY,46,,ALIESHA-MAY,1
ANTON,6,,ALIHA,1
ANTONI,8,,ALIKA,1
ANTONIO,4,,ALINA,6
ANTONY,9,,ALISA,3
AODHAN,3,,ALISBHA,1
AONAN,1,,ALISE,2
AQEEL,1,,ALISHA,35
ARAAN,1,,ALISHBA,2
ARAM,1,,ALISHIA,4
ARAN,5,,ALISON,9
ARCHER,1,,ALISSA,5
ARCHIBALD,18,,ALISSIA,1
ARCHIE,137,,ALIVIA,1
ARDA,4,,ALIX,17
AREN,2,,ALIXE,1
ARGYLE,1,,ALIXS,1
ARGYLL,1,,ALIYA,4
ARIAN,2,,ALIYAH,3
ARIF,1,,ALIZA,4
ARIJUS,1,,ALIZAH,1
ARIN,3,,ALLA,1
ARINJAY,1,,ALLANA,1
ARIS,1,,ALLANA-JO,1
ARJUN,4,,ALLANNA,1
ARKADIUSZ,2,,ALLANNAH,2
ARKADY,1,,ALLEGRA,3
ARLO,7,,ALLI,1
ARLOWE,1,,ALLIE,8
ARMAAN,6,,ALLISHA,1
ARMAN,1,,ALLISIA,1
ARMANDAS,1,,ALLISON,1
ARMANO,1,,ALLY,2
ARNAV,1,,ALLYESA,1
ARNOLD,2,,ALLYSON,1
ARNOLDUS,1,,ALMAR,1
ARON,7,,ALMAS,1
AROOSH,1,,ALMINA,1
ARRAN,108,,ALTHEA,1
ARRAN-WILLIAM,1,,ALYA,3
ARRIN,1,,ALYCIA,1
ARROL,1,,ALYESHA,1
ARRON,15,,ALYS,1
ARSENE,1,,ALYSA,1
ARSH,1,,ALYSHA-MAY,1
ARSHAD,1,,ALYSHIA,1
ARSHIA,1,,ALYSIA,3
ARTEMY,1,,ALYSS,1
ARTHUR,13,,ALYSSA,37
ARTIAN,1,,ALYX,6
ARTIS,1,,ALYZA,1
ARTUR,5,,ALZAHRA,1
ARTYOM,1,,ALZAHRAA,1
ARUN,2,,AMA,1
ARYA,1,,AMAAN,1
ARYAN,8,,AMAANI,1
ASAD,1,,AMAL,1
ASER,1,,AMALEIGH,1
ASH,1,,AMALYA,1
ASHAZ,1,,AMANDA,15
ASHEL,1,,AMANDA-JANE,1
ASHER,3,,AMANDINE,1
ASHFAN,1,,AMARA,3
ASHLEY,3,,AMARACHI,1
ASHMIN,1,,AMARAH,1
ASHRAF,1,,AMARANTH,1
ASHRITH,1,,AMAYA,5
ASHTON,59,,AMBAR,2
ASHTON-LEE,1,,AMBER,119
ASHTYN,3,,AMBER-LEIGH,3
ASHVIK,1,,AMBER-LILY,1
ASHWIN,1,,AMBER-MAY,1
ASIF,1,,AMBIKA,1
ASLAM,1,,AMBRE,1
ASTERIOS,1,,AMBUR,1
ASTON,19,,AME,1
ASTON-LEE,1,,AMEERA,7
ASTYN,1,,AMEERAH,1
ASYRAF,1,,AMEERAN,1
ATANAS,1,,AMELIA,120
ATHAN,1,,AMELIE,54
ATHANAFIS,1,,AMELLIA,1
ATHARVA,1,,AMENA,1
ATHOL,1,,AMERIE,1
ATHOLL,1,,AMI,8
ATHUL,1,,AMI-JEAN,1
ATTAH,1,,AMI-JO,1
AUBREY,1,,AMI-LOU,1
AUDEN,1,,AMI-MAY,1
AUGUST,1,,AMIE,15
AULAY,2,,AMIEE,6
AURIS,1,,AMIEE-LEE,1
AURON,1,,AMIEJANE,1
AURRON,1,,AMII,3
AUSTEN,1,,AMILAH,1
AUSTIN,43,,AMILEE,1
AUSTYN,1,,AMILIE,2
AVESTA,1,,AMINA,7
AVIER,1,,AMINAH,4
AVIRAL,1,,AMIRA,11
AVIV,1,,AMIRAH,2
AVNER,1,,AMISHA,1
AVRAM,1,,AMITA,1
AXEL,2,,AMITY,1
AYAAN,5,,AMIYAH,1
AYAD,1,,AMMAARAH,1
AYAN,2,,AMMIE,1
AYAT,1,,AMMIE-LEIGH,1
AYDAN,1,,AMNA,7
AYDEN,21,,AMNEET,1
AYDIN,7,,AMORIE,1
AYDN,1,,AMRIT,1
AYDON,1,,AMRITA,2
AYHAN,1,,AMY,332
AYIDEN,1,,AMY-JANE,1
AYMAN,2,,AMY-JAYNE,1
AYMEN,1,,AMY-LEE,4
AYOMIDE,3,,AMY-LEIGH,7
AYOOLA,1,,AMY-MAY,1
AYRTON,1,,AMYLEE,1
AYYUB,1,,AMYLEIGH,2
AZAAN,3,,AMYLOUISE,1
AZAN,1,,AMYNICOLE,1
AZEEM,1,,ANA,8
AZIZUR,1,,ANA-LUCIA,1
AZLAAN,1,,ANABELLA,1
AZLAN,1,,ANABELLE,1
BAASIT,1,,ANAH,1
BABATUNDE,1,,ANAIS,4
BACHIR,1,,ANAISE,1
BADARISH,1,,ANALEIGH,2
BADER,1,,ANALIA,1
BAILEY,41,,ANALIEGH,1
BAILLEY,1,,ANALISE,1
BAILLIE,9,,ANAM,1
BALAZS,2,,ANASTASIA,3
BALFOUR,1,,ANASTASIJA,1
BALTAZAR,1,,ANASTASIYA,1
BALWANT,1,,ANASTAZIA,1
BANJEET,1,,ANASTAZJA,2
BARAA,1,,ANAYA,2
BARBOD,1,,ANDI,6
BARKAD,1,,ANDIE,5
BARNABAS,1,,ANDII,1
BARNEY,1,,ANDREA,4
BARNIM,1,,ANDREJA,1
BARRIE,2,,ANDROMACHES,1
BARRIEJAMES,1,,ANEA,1
BARRON,1,,ANEESA,2
BARRY,5,,ANEESAH,1
BARTEK,1,,ANELLE,1
BARTLOMIEJ,2,,ANET,1
BARTOSZ,9,,ANGEL,24
BASHIR,1,,ANGEL-MAE,1
BASIL,1,,ANGELA,8
BASTIAN,1,,ANGELEA,1
BAVUMILE,1,,ANGELICA,4
BAWER,1,,ANGELIKA,1
BAXTER,2,,ANGELIN,1
BAYE,1,,ANGELINA,2
BAYLEE,1,,ANGELINE,1
BAYLEY,2,,ANHARIKA,1
BAYLIE,1,,ANHAT,1
BEAU,9,,ANIA,2
BECK,3,,ANIELA,1
BELLO,1,,ANIKA,2
BEN,215,,ANILA,1
BENEDICT,2,,ANISA,1
BENIAMIN,3,,ANISAH,2
BENITO,2,,ANISSA,1
BENJAMIN,116,,ANITA,4
BENJAMIN-JAMES,1,,ANJA,2
BENN,1,,ANJALI,2
BENNET,1,,ANJOLAOLUWA,1
BENNETT,1,,ANKITA,1
BENOIT,1,,ANN,2
BENON,1,,ANNA,190
BENSON,1,,ANNA-BETH,2
BEREN,1,,ANNA-GRACE,1
BERNABE,1,,ANNA-LEIGH,3
BERNIE,1,,ANNA-LISE,1
BERTIE,1,,ANNA-LOUISE,2
BEVIN,1,,ANNA-MAE,1
BHARGAV,1,,ANNABEL,23
BILAL,7,,ANNABELLA,4
BILLY,15,,ANNABELLE,20
BILLYJOE,1,,ANNAGH,1
BJORN,1,,ANNAKIN,1
BLAINE,10,,ANNALIE,1
BLAIR,81,,ANNALIESE,2
BLAKE,29,,ANNALISA,1
BLANE,1,,ANNALISE,6
BLAYNE,1,,ANNASTASIANGOZI,1
BLAZEJ,2,,ANNE,7
BLEU,1,,ANNE-MARIE,1
BLU,2,,ANNE-TEREZ,1
BO,1,,ANNELISE,1
BOBBIE,2,,ANNIE,24
BOBBY,19,,ANNIE-LOUISA,1
BOE,1,,ANNIKA,2
BOHEMOND,1,,ANNISSA,1
BOHENG,1,,ANOUSHKA,1
BOHUMIR,1,,ANSLEY,1
BOID,1,,ANTONELLA,2
BOLUWATIFE,1,,ANTONIA,8
BORHANE,1,,ANTONIETA,1
BORIS,1,,ANTONINA,4
BORYS,2,,ANUM,1
BOSTON,2,,ANUSHKA,3
BOTOND,2,,ANVI,1
BOURNE,1,,ANWEN,1
BOYD,24,,ANYA,31
BOZHIDAR,1,,ANYANKA,1
BRAD,5,,AOIBHE,1
BRADAN,1,,AOIFE,14
BRADEN,2,,AOIFE-GRACE,1
BRADLAY,1,,AOILISA,1
BRADLEY,21,,APPLE,1
BRADLY,2,,APRIL,13
BRADY,4,,AQSA,5
BRADYN,1,,ARA,2
BRAE,1,,ARABELLA,5
BRAEDEN,3,,ARABELLE,1
BRAIDEN,3,,ARAFAH,1
BRAJAN,2,,ARALE,1
BRANDEN,2,,ARAWEN-ZOE,1
BRANDEN-LEWIS,1,,ARDEN,1
BRANDIN,1,,AREEBE,1
BRANDON,67,,AREESHA,1
BRANDON-LEE,2,,ARI,3
BRANDYN,4,,ARIA,3
BRAYAN,1,,ARIANA,4
BRAYDEN,11,,ARIANNA,12
BREANNAIN,1,,ARIANNE,1
BRECKIN,1,,ARIELLE,2
BRENDAN,16,,ARINA,1
BRENDEN,1,,ARISA,1
BRENDON,1,,ARISHA,3
BRENNAN,5,,ARIYA,1
BRENO,1,,ARLA,2
BRENT,1,,ARLENE,1
BRETAS,1,,ARLEY,1
BRIAN,16,,AROUSH,1
BROC,1,,ARRAN,1
BRODEN,3,,ARRIA,1
BRODIE,78,,ARRIANNA,1
BRODIE-GAEL,1,,ARRIANNA-FIONA,1
BRODY,27,,ARRIANNA-JANE,1
BROGAN,17,,ARTEMIS,2
BROGHAN,1,,ARWA,1
BROGYN,1,,ARWAA,1
BROOKLYN,9,,ARWEN,7
BRUCE,16,,ARWYN,2
BRUNO,5,,ARYA-JANE,1
BRYAN,5,,ARYAM,1
BRYCE,11,,ARYANNA,1
BRYDON,1,,ARYN,1
BRYN,6,,ASALDIS,1
BRYNN,1,,ASEEL,2
BUDDY,2,,ASHA,3
BYRIN,1,,ASHIA,1
BYRON,3,,ASHLEE,2
C-JAE,1,,ASHLEIGH,15
CACY,1,,ASHLEIGH-ANN,1
CADAN,1,,ASHLEIGH-LOUISE,1
CADE,2,,ASHLEY,27
CADEN,15,,ASHLEYLOUISE,1
CAEDEN,2,,ASHLIE,1
CAEL,1,,ASHLYN,9
CAELAN,18,,ASHLYNE,1
CAELAN-KOLE,1,,ASHLYNN,2
CAELEN,2,,ASHTON,3
CAELIN,2,,ASHTYN,1
CAELLIN,1,,ASIA,3
CAHL,1,,ASIL,1
CAHLAN,1,,ASIYA,1
CAI,4,,ASMA,3
CAIDAN,3,,ASMAA,4
CAIDEN,28,,ASMAT,1
CAIDYN,3,,ASRA,1
CAILAN,2,,ASTRID,4
CAILEAN,15,,ATHENA,2
CAILIN,2,,ATLANTA,2
CAILLEN,1,,AUBEPINE,1
CAILUM,1,,AUBRY,1
CAIMEN,1,,AUDREY,2
CAIN,7,,AUGURE,1
CAIRN,6,,AUGUST,1
CAIRNS,1,,AURELIA,5
CAIRO,1,,AURELIE,1
CAIYDEN,1,,AURLA,2
CAL,2,,AURORA,3
CALAN,8,,AUSTEJA,2
CALDER,1,,AUTAUM,1
CALEB,99,,AUTUMN,8
CALEDON,1,,AVA,442
CALEN,1,,AVA-GRACE,2
CALEY,1,,AVA-JAYNE,1
CALIN,1,,AVA-KATE,1
CALLAM,1,,AVA-LEIGH,1
CALLAN,32,,AVA-LOUISE,1
CALLEN,1,,AVA-MARRIE,1
CALLEY,1,,AVA-MARY,1
CALLUM,338,,AVA-MAY,1
CALUM,134,,AVA-RUBY,1
CALVIN,63,,AVAH,11
CALYM,1,,AVAH-JAYNE,1
CAMDEN,1,,AVAH-ROSE,1
CAMDYN,1,,AVANITA,1
CAMERON,352,,AVIE,1
CAMERON-JAMES,1,,AVRIL,1
CAMERON-JAY,1,,AWO,1
CAMERON-JOHN,1,,AYA,1
CAMI,1,,AYAH,3
CAMPBELL,35,,AYANA,1
CAMRON,3,,AYANAH,1
CAMRYN,1,,AYANDA,1
CANE,1,,AYANNA,2
CAOLAIN,1,,AYAT,1
CARL,4,,AYDA,1
CARLISLE,1,,AYDEN,1
CARLO-ROMANO,1,,AYDIN,1
CARLOS,1,,AYESHA,9
CARSEN,1,,AYIANA,2
CARSON,26,,AYIMNA,1
CARTER,10,,AYISHA,1
CARTIER,1,,AYLA,17
CASEY,6,,AYLEE,2
CASH,1,,AYLEI,1
CASON,1,,AYLEIGH,3
CASPER,4,,AYLEY,1
CASSIDY,1,,AYLIE,1
CATHAL,1,,AYMA,1
CAVAN,3,,AYMAN,1
CAYDAN,1,,AYMEN,1
CAYDEN,33,,AYOMIDE,1
CEDRIC,1,,AYRA,2
CEIBA,1,,AYRLEIGHS,1
CEIJAY,1,,AYSE,1
CEZAR,1,,AYSHA,3
CEZARY,1,,AYSHAH-NOOR,1
CHAD,1,,AYSHIA,1
CHAM,1,,AYVA,4
CHANDLER,1,,AYZA,2
CHARANJIT,1,,AZARIAH,1
CHARL,1,,AZELIE,1
CHARLEE,1,,AZIZA,1
CHARLES,55,,AZKA,2
CHARLEY,5,,AZWAH,1
CHARLIE,245,,BABITA,1
CHARLIE-JAY,1,,BAILEIGH,1
CHASE,4,,BAILEY,15
CHAY,3,,BAILEY-MARIE,1
CHAZNEY,1,,BAILIE,1
CHE,2,,BAILLEY,1
CHEN,3,,BAILLIE,5
CHENOAH,1,,BALJIT,1
CHIDUMAGA,1,,BARBARA,2
CHIEDU,1,,BASHAYER,1
CHIJIOKE,1,,BATOOL,1
CHIMDIEGWU,1,,BAYLAY,1
CHRIS,8,,BAYLIE,1
CHRISTER,1,,BEA,1
CHRISTIAN,19,,BEATE,2
CHRISTOPHER,115,,BEATHA,1
CHRISTY,1,,BEATRICE,11
CHUKWUDINUM,1,,BEATRIZ,2
CHUN,1,,BEAU,2
CIAN,27,,BECCA,5
CIARAN,52,,BECKY,7
CIARON,2,,BEIBA,1
CIHAN,1,,BELINDA,1
CILLAN,1,,BELLA,6
CILLIAN,6,,BELLA-ROSE,1
CIWAN,1,,BELLE,7
CJ,1,,BERAY,1
CLARK,8,,BERNADETTE,1
CLARKE,1,,BESSIE,1
CLAY,1,,BETH,77
CLAYTON,4,,BETHA,1
CLEMENT,2,,BETHAN,9
CLIVE,1,,BETHANIE,1
CLYDE,1,,BETHANY,63
COBEN,2,,BETSY,1
COBEY,1,,BETTY,1
COBI,1,,BETTY-LOU,1
COBIE,1,,BEVON,1
COBIN,1,,BHAVNA,1
COBURN,1,,BHISHNEE,1
COBY,8,,BHREAGHA,1
CODDIE,1,,BIANCA,5
CODEY,6,,BIBA,1
CODI,5,,BILLI,1
CODIE,1,,BILLIE,15
CODY,57,,BILLIE-CLAIRE,1
COEN,4,,BILLIE-LOREN,1
COEYN,1,,BINDIA,1
COHAN,4,,BLAE,1
COHEN,14,,BLAIR,4
COINNEACH,1,,BLAIRE,2
COIRE,1,,BLAISE,1
COIRRIN,1,,BLANKA,2
COLBY,5,,BLESSING,2
COLE,116,,BLISS,1
COLETON,1,,BLOSSOM,2
COLIN,15,,BLYTHE,3
COLL,4,,BNAFSHA,1
COLLA,1,,BO,1
COLLINS,1,,BOBBI,6
COLM,2,,BOBBIE,2
COLT,1,,BOBBIE-JOE,1
COLVIN,1,,BOLUWADURO,1
COMRAD,1,,BONITA,1
CONAIRE,1,,BONNIE,9
CONAL,1,,BONNIE-LEIGH,1
CONALIN,1,,BONNIQUE,1
CONALL,6,,BONNY,1
CONAN,5,,BORIANA,1
CONLAN,6,,BRAHMJOT,1
CONLAOCH,1,,BRAID,1
CONLIN,1,,BREA,1
CONLLEY,1,,BREAGH,1
CONNAL,4,,BREAGHA,3
CONNAN,2,,BREAH,1
CONNAR,3,,BREANNA,3
CONNEL,1,,BREE,3
CONNELL,2,,BRENNA,2
CONNEN,1,,BRIANA,1
CONNER,19,,BRIANNA,7
CONNOR,220,,BRIDGET,1
CONOR,29,,BRIELLE,1
CONRAD,3,,BRIGIT,1
COOPER,33,,BRIHANNA,2
CORAN,1,,BRIONY,3
CORAY,1,,BRITT,1
CORBAN,1,,BRODIE,17
CORBEN,3,,BROGAN,17
CORBIJN,1,,BROGHAN,2
CORBIN,1,,BRONAGH,2
CORBYN,2,,BRONNY,1
COREY,66,,BRONTE,1
COREY-JOHN,1,,BRONWYEN,1
CORIN,3,,BRONWYN,4
CORMAC,10,,BROOK,3
CORMACK,1,,BROOKE,242
CORMICK,1,,BROOKE-LYNN,1
CORRAN,1,,BROOKLEE,1
CORREYN,1,,BROOKLYN,14
CORRIAN,1,,BROOKLYNE,1
CORRIE,4,,BROOKLYNN,3
CORRY,1,,BRUNA,2
CORWIN,1,,BRYAH,1
CORY,7,,BRYCE,1
COSMAS,1,,BRYLEE,1
COSMO,2,,BRYONY,3
COUPER,1,,BUSHRA,2
CRAIG,93,,CADEN,1
CRAIG-JAMES,1,,CADENCE,4
CRAIG-LEE,1,,CADEY,2
CRAWFORD,2,,CADEY-LEE,1
CRIDHE,1,,CADHA,2
CRISTIAN,1,,CAELA,1
CRISTIANO,1,,CAELAN,3
CRUZ,6,,CAELEN,1
CUBA,1,,CAELIA,1
CULLEN,4,,CAELYN,1
CUPAR,1,,CAHLA,1
CUPER,1,,CAIDAH,1
CURTIS,10,,CAIDEE,2
CYPRIAN,3,,CAILA,3
CYRAN,1,,CAILEEN,1
CYRIL,1,,CAILEIGH,2
CYRUS,6,,CAILEY,1
D-JAY,1,,CAILIN,6
DAANISH,1,,CAILYN,7
DAAVID,1,,CAIRA,2
DAEGAN,1,,CAIRINA,1
DAGAN,1,,CAITIE,2
DAIES,1,,CAITLAN,3
DAIGAN,1,,CAITLIN,113
DAITON,1,,CAITLIN-ROSE,1
DAIWIK,1,,CAITLYN,48
DAKOTA,1,,CAITLYN-JOYCE,1
DALE,17,,CAITRIONA,1
DALEY,1,,CAITY,1
DALIL,1,,CALEDONIA,1
DALTON,2,,CALEIGH,2
DALZIEL,1,,CALENA,1
DAMIAN,10,,CALI,3
DAMIEN,11,,CALIE,1
DAMON,1,,CALISTA,1
DAN,2,,CALLA,2
DANE,1,,CALLAH,1
DANEESH,1,,CALLEIGH,6
DANIAL,1,,CALLEY,2
DANIEL,410,,CALLI,2
DANIEL-JACK,1,,CALLIE,21
DANIELIUS,1,,CALLISTA,2
DANISH,1,,CALLY,4
DANIYAL,2,,CALY,1
DANNY,26,,CAMBELLE,1
DANTE,1,,CAMERON,6
DANYAL,3,,CAMILA,1
DANYL,6,,CAMILLA,1
DARA,2,,CAMILLE,1
DARAN,1,,CAMRYN,6
DARCY,3,,CANDICE,3
DARIN,1,,CAOILAINN,1
DARIO,1,,CAOILINN,1
DARIUS,3,,CAOIMHE,17
DARIUSH,1,,CARA,99
DARIUSZ,1,,CARA-LOUISE,1
DARRAGH,9,,CARAGH,6
DARREN,37,,CARAH,1
DARREN-JUNIOR,1,,CARICE,1
DARROCH,2,,CARINA,1
DARRYL,7,,CARIS,5
DARRYLL,1,,CARLA,38
DARRYN,2,,CARLANNE,1
DARSH,1,,CARLENE,1
DARSHEEL,1,,CARLEY,1
DARYELL,1,,CARLI,4
DARYL,6,,CARLIE,2
DARYLL,3,,CARLY,56
DARYN,1,,CARLY-ANN,1
DASHELL,1,,CARLYJO,1
DATHAN,1,,CARMEL,2
DATONYE,1,,CARMELA,1
DAUD,2,,CARMELLA,1
DAVID,177,,CARMEN,22
DAVIDSON,1,,CARMYN,2
DAVIE,1,,CAROLE,1
DAVIS,2,,CAROLE-LOUISE,1
DAWID,21,,CAROLINE,4
DAWOOD,1,,CARRA,4
DAWOUD,1,,CARRAGH,1
DAWSON,3,,CARRIE,9
DAWUD,1,,CARRIS,1
DAX,1,,CARSON,2
DAYMION-LEI,1,,CARYS,25
DAYTON,1,,CARYSS,1
DEACAN,1,,CARYSSA,1
DEACON,3,,CASEY,55
DEAGAN,1,,CASEY-ANN,1
DEAKIN,1,,CASEY-JANE,1
DEAN,54,,CASIE,1
DECLAN,62,,CASS,1
DECLIN,1,,CASSADI,1
DECLYN,3,,CASSANDRA,3
DEE,1,,CASSANDRAANN,1
DEEGAN,1,,CASSEY,1
DEEJAY,2,,CASSI,1
DEIVIDAS,1,,CASSIA,2
DEKLYN,1,,CASSIDY,11
DEMPSEY,1,,CASSIE,16
DENHOLM,1,,CATARINA,1
DENIM,1,,CATE,4
DENIN,1,,CATHERINE,38
DENIS,3,,CATHERINE-ANN,1
DENIZ,1,,CATHLEEN,1
DENNI,1,,CATRIN,1
DENNIS,5,,CATRINA,1
DENO,1,,CATRIONA,27
DENVER,3,,CATRÌONA,1
DEREK,6,,CATTIANA,1
DEREKSHAN,1,,CAUREEN,1
DERMOT,1,,CAYDINCE,1
DERREN,3,,CAYLA,11
DERRICK,1,,CAYLEIGH,2
DERRIN,1,,CEARLAIT,1
DERRY,2,,CECILIA,1
DERRYL,1,,CECILY,2
DERRYN,3,,CEI,1
DERYN,1,,CEIANNA,1
DESHAWN,1,,CEILIDH,5
DEVIN,3,,CEIT,1
DEVLIN,2,,CEITIDH,2
DEVLYN,1,,CELESTE,3
DEVOM,1,,CELIA,2
DEVON,4,,CEREN,2
DEVON-JOHN,1,,CERRYS,1
DEVYN,2,,CERYIS,1
DEXTER,11,,CERYS,54
DHANIYAL,1,,CEYLAN,1
DHANUSH,1,,CEYLIN,1
DHILAN,1,,CHAILYN,1
DHILLON,1,,CHALA,1
DIARMID,1,,CHANEL,7
DIARMUID,1,,CHANELLE,7
DIEGO,3,,CHANNAH,1
DIEPREYE,1,,CHANTAE,1
DIESEL,1,,CHANTEL,3
DILAN,2,,CHANTELL,1
DILLON,18,,CHANTELLE,17
DIMITRIOS,1,,CHARA,1
DINGEN,1,,CHARDONNAY,1
DINGYANG,1,,CHARIS,7
DINIS,1,,CHARLEE,3
DINOSHAN,1,,CHARLEE-MARIE,1
DIPTARKA,1,,CHARLEIGH,2
DIVINE,2,,CHARLENE,1
DMITRY,1,,CHARLET,1
DOCHAS,1,,CHARLEY,38
DOCHY,1,,CHARLEY-LEIGH,1
DOLAN,2,,CHARLEY-MARIE,1
DOMANTAS,1,,CHARLEY-MAY,1
DOMHNALL,1,,CHARLI,8
DOMHNALL-ROSS,1,,CHARLIE,21
DOMINIC,22,,CHARLIE-ANNE,1
DOMINIK,15,,CHARLOTTA,1
DOMINYKAS,1,,CHARLOTTE,185
DON,1,,CHARLOTTE-ANN,1
DONAL,2,,CHARLTON,1
DONALD,20,,CHARLY,3
DONNACHA,1,,CHARLYE,1
DONNELL,1,,CHARMAINE,2
DONNI,1,,CHARU,1
DONNIE,2,,CHAWAN,1
DONNY,1,,CHAYA,1
DONOVAN,1,,CHEBIA,1
DORAN,1,,CHELSEA,29
DORIAN,2,,CHELSEY,6
DOUGAL,4,,CHELSI,3
DOUGLAS,19,,CHELSIE,3
DOUGLAS-JOHN,1,,CHENNAI,1
DOUGRAY,3,,CHENULI,1
DOYLE,1,,CHEREL,1
DRAVEN,1,,CHERIE,1
DRAYDEN,1,,CHERRY,1
DREAVYN,1,,CHERYL,5
DREW,18,,CHERYLLEIGH,1
DREWIE,1,,CHEUK,1
DREYDEN,1,,CHEYANNE,1
DRIMIT,1,,CHEYENNE,2
DRUMMOND,1,,CHI,1
DUANE-LEE,1,,CHIAMANDA,1
DUGALD,1,,CHIANNE,1
DUKE,1,,CHIARA,3
DULTACH,1,,CHIDUMEBI,1
DUNCAN,33,,CHIMAMANDA,1
DURRIN,1,,CHIMARISAEKPERE,1
DWAIPAYAN,1,,CHINAZOM,1
DYLAN,298,,CHINELO,1
DYLHAN,1,,CHINEMEREM,1
EA,1,,CHINONYELUM,1
EAMON,2,,CHINWENDUM,1
EASSA,1,,CHIOMA,2
EASTON,2,,CHIZARAM,1
EBAN,2,,CHLOE,400
EBEN,3,,CHLOE-ANN,1
EBENEZER,1,,CHLOE-CHRISTINA,1
EBIKAKIBOWEI,1,,CHLOE-LOUISE,1
EDAN,4,,CHLOE-MARIE,1
EDDIE,3,,CHRISSIE,1
EDE,1,,CHRISTAL,1
EDEN,3,,CHRISTELLE,1
EDGARAS,1,,CHRISTI,1
EDISON,2,,CHRISTIE,3
EDSON,1,,CHRISTINA,19
EDWARD,24,,CHRISTINA-MARIE,1
EDWIN,5,,CHRISTINA-MAY,1
EDWYN,1,,CHRISTINE,2
EESA,3,,CHRISTY,5
EFAN,1,,CHRYSTI,1
EFRAIM,1,,CIANA,1
EHSAAN,2,,CIARA,32
EIDEN,1,,CIARA-LEE,1
EIMANTAS,1,,CIARDHA,1
EISA,1,,CIERA,1
EITHAN,1,,CINDY,4
EKOW,1,,CIORSTAIDH,1
ELGHANNI,1,,CIRA,1
ELI,4,,CLAIRE,10
ELIAS,7,,CLARA,17
ELIJAH,10,,CLARABNELAH,1
ELIOT,2,,CLARE,7
ELISHA,1,,CLARE-MARIE,1
ELIUD,1,,CLARY,1
ELLIOT,56,,CLAUDIA,13
ELLIOTT,9,,CLEO,3
ELLIS,31,,CLERISE,1
ELMOTASSEM,1,,CLIO,2
ELOUAN,1,,CLODAGH,5
ELRASHEED,1,,CLOE,4
ELSADIG,1,,CLOVA,1
ELVIN,1,,COCO,1
ELVIS,1,,CODI,6
ELWOOD,1,,CODI-LEE,1
ELYOT,1,,CODI-LEIGH,1
ELYSEE,1,,CODIE,2
EMANUELE,1,,CODY,1
EMIL,1,,COHDI,1
EMILE,1,,COLAINE,1
EMILIO,1,,COLBI,1
EMMANUEL,9,,COLBIE,1
EMMETT,1,,COLEEN,1
EMRE,2,,COLETTE,3
EN,1,,COLLETTE,1
ENOCH,3,,COMFORT,1
ENRIKAS,1,,CONCETTA,1
ENZO,2,,CONNI,1
EOGHAINN,1,,CONNIE,29
EOGHAN,14,,CONSTANCE,7
EOIN,12,,COOPER,2
ERIC,8,,CORA,16
ERIK,3,,CORA-JAK,1
ERIKAS,1,,CORAL,3
ERIN,2,,CORDELIA,1
ERLAND,1,,CORI,3
ERLEND,1,,CORIN,1
ERNEST,1,,CORINA,1
ERYK,3,,CORINNA,1
ESAU,1,,CORINNE,1
ESHAAN,1,,CORNELIA,1
ESHAN,5,,CORRAGH,1
ESSA,1,,CORRIE,1
ETHAN,245,,CORRIN,1
ETHEN,1,,CORYNN,1
ETIENNE,1,,COSIMA,1
EUAN,136,,COURTNAY,1
EUANSON,1,,COURTNEY,54
EUGENE,1,,COURTNEY-LEI,1
EUNAN,1,,COURTNEY-LEIGH,2
EVAN,127,,CRISTINA,1
EVIN,2,,CRUZ,2
EVREN,1,,CRYSTAL,6
EWAN,137,,CULZEAN,1
EWEN,2,,CYDNIE,1
EZEKIEL,1,,CYNTHIA,2
EZRA,2,,D'ARCY,3
FABIAN,4,,DAEGAN,1
FABIO,3,,DAINA,1
FAHEEM,2,,DAISEE,1
FAI,1,,DAISIE,2
FAISAL,2,,DAISY,117
FAIZ,1,,DAISY-BRIDGET,1
FAIZAAN,1,,DAISY-MAE,3
FAIZAN,6,,DAISY-MILANA,1
FALLON,1,,DAISY-ROSE,1
FARHAN,6,,DAIYNA,1
FARIS,2,,DAKOTA,6
FELIKS,1,,DANA,11
FELIX,17,,DANAH,1
FEMI,1,,DANELEIGH,1
FERGAL,1,,DANI,3
FERGUS,49,,DANI-LEIGH,1
FERRIS,1,,DANIA,1
FHIONN,1,,DANIELA,2
FIDELIS,1,,DANIELLA,9
FIFE,1,,DANIELLE,42
FILIP,29,,DANIKA,1
FINAN,1,,DANIYA,1
FINDLAY,32,,DANNA,1
FINLAY,320,,DANNI,5
FINLEY,24,,DANNI-JO,1
FINN,76,,DANNI-LEIGH,1
FINNEGAN,1,,DANNI-MARIE,1
FINNIAN,1,,DANNIELLE,1
FINNLAY,2,,DANNII,1
FINNLEY,3,,DAOUIA,1
FINNLO,1,,DAPHNE,1
FINTAN,4,,DARA,5
FIONN,3,,DARBY,2
FIONNLAGH,1,,DARCEE,1
FLETCHER,12,,DARCEY,36
FLOYD,1,,DARCEY-LEIGH,1
FLYNN,16,,DARCI,3
FORBES,5,,DARCIE,14
FORTUNE,1,,DARCIE-ROSE,1
FOX,1,,DARCY,30
FRANCIS,7,,DARIA,3
FRANCISZEK,8,,DARICA,1
FRANCK,1,,DARIYA,1
FRANCO,2,,DARLA,1
FRANK,8,,DARLEY-JO,1
FRANKIE,5,,DARRAH,1
FRANKLIN,1,,DARYL,1
FRASER,134,,DASHA,1
FRASIER,1,,DAVINA,1
FRAZER,16,,DAWN,1
FREDDI,1,,DAYNA,2
FREDDIE,17,,DEANNA,4
FREDDY,4,,DEBBIE,2
FREDERIC,1,,DEBORAH,4
FREDERICK,13,,DEE,5
FULTON,1,,DEEONE,1
FUMIO,1,,DEFNE,1
FURQAN,1,,DEIMA,1
FYN,1,,DEJA,1
FYNLAY,1,,DELIA,1
FYNN,3,,DELICIA,1
FYNNLAY,1,,DELILAH,1
GA-HYUN,1,,DELLA,1
GABRIEL,49,,DELPHINA,1
GABRIEL-CRUZ,1,,DELPHINE,1
GABRIEL-MICHAEL,1,,DELYSIA,1
GABRIELE,1,,DEMI,50
GAGE,1,,DEMI-ELAINE,1
GAIUS,1,,DEMI-LEE,8
GALLAGHER,1,,DEMI-LEIGH,10
GARDINER,1,,DEMI-LOUISE,2
GARET,1,,DEMI-MARIE,1
GARETH,4,,DEMI-STAR,1
GARRY,10,,DEMILEE,1
GARVE,1,,DEMILEIGH,2
GARY,21,,DEMMI-LEE,1
GAURAV,2,,DEMPSEY,1
GAVIN,15,,DENNI,2
GAWIN,1,,DENNY,1
GED,1,,DENVER,1
GENE,2,,DEON,1
GEO,1,,DERI,1
GEOFFREY,2,,DERRI,3
GEORDIE,2,,DERRIE,1
GEORGE,62,,DERRY,1
GEORGI,1,,DERRYN,1
GEORGIOS,1,,DERVLA,1
GERALD,1,,DERYA,1
GERARD,5,,DERYN,2
GERRY,2,,DESIRE,1
GETHIN,2,,DESISLAVA,1
GHILLIE,1,,DESTINEE,1
GIANCARLO,1,,DESTINY,8
GIANLUCA,1,,DESTINYLOUISE,1
GIANNI,1,,DEVAN,1
GIBBIE,1,,DEVEN,2
GIDEON,1,,DEVON,6
GILBERT,2,,DEVYN,6
GILLEN,1,,DHERRI,1
GILLESPIE,1,,DHIYA,1
GILLIES,1,,DIANA,2
GILZEAN,1,,DIDEM,1
GIOVANNI,1,,DILARA,1
GISLI,1,,DINAH,1
GIULIO,1,,DINI,1
GLEN,19,,DINUKI,1
GLENN,6,,DION,2
GODWINER,1,,DIONE,1
GOMEZYANI,1,,DIONNE,6
GORDIE,1,,DIOR,2
GORDON,12,,DIVINE,2
GRACJAN,4,,DIVORA,1
GRAEME,8,,DIVYATA,1
GRAHAM,7,,DIXIE,2
GRANT,19,,DIYA,3
GRAYSON,3,,DOLCE,1
GREAT,1,,DONNA,5
GREER,1,,DORA,1
GREG,10,,DORI,1
GREGG,1,,DORIT,1
GREGGOR,1,,DOROTHEA,1
GREGOR,66,,DOROTHY,1
GREGORY,3,,DREW,1
GREIG,3,,DRU,1
GRIFFIN,2,,DUA,2
GRIGORY,1,,DUHAH,1
GRYFF,1,,DYARA,1
GRZEGORZ,2,,DYLAN,1
GURMALE,1,,DYLEN,1
GURPREET,1,,DYLLAN,1
GURSIMAR,1,,DYLNN,1
GURTEERITH,1,,DZESMINA,1
GURTEJ,1,,EABHA,1
GURTIG,1,,EADIE,1
GURVEER,1,,EALASAID,1
GUY,10,,EALF,1
GVIDAS,2,,EALIDH,1
HAAKON,1,,EARN,1
HAAMED,1,,EASTON,1
HABIB,2,,EAVAN,1
HABIBRAHMAN,1,,EBONI,2
HADEN,1,,EBONII,1
HADI,2,,EBONY,12
HADLEIGH,1,,EBONY-EILEEN,1
HADLEY,1,,EBONY-J,1
HADYN,1,,EBONY-RIECE,1
HAIDEN,5,,EBTEHAL,1
HAIDER,1,,EBTISAM,1
HAITLEY,1,,ECRIN,2
HAIYAN,1,,EDELE,1
HAKEEM,2,,EDEN,25
HAKIM,1,,EDEN-BLUE,1
HAKKI,1,,EDIE,6
HALIT,1,,EDIN,1
HAMID,1,,EDIT,1
HAMILTON,1,,EDITH,6
HAMISH,63,,EENA,1
HAMMAD,1,,EESHA,1
HAMMAM,1,,EEVIE,1
HAMZA,6,,EFFIE,2
HAMZAH,2,,EHONMWON,1
HAN,1,,EIDEEN,1
HANIF,1,,EILADH,1
HANZO,1,,EILAH,1
HAO,1,,EILEDH,1
HARAIDH,1,,EILEEN,1
HARI,2,,EILIDH,167
HARIS,9,,EILIDHI,1
HARISON,1,,EILIHD,1
HARITH,1,,EILIS,2
HARLAN,1,,EILISH,3
HARLEE,1,,EILISHA,1
HARLEY,33,,EILIYAH,1
HARMAN,1,,EIRENE,1
HAROLD,2,,EISHAH,1
HAROON,2,,EKAPARNIKA,1
HAROUN,1,,EKATERINA,1
HARPAL,1,,ELA,3
HARPER,3,,ELA-ROSE,1
HARPREET,1,,ELAIDA,1
HARRIS,112,,ELAINA,1
HARRIS-KERR,1,,ELAINE,2
HARRISEN,1,,ELANA,3
HARRISON,64,,ELARA,1
HARRY,207,,ELAYNAH,1
HARRY-CHARLES,1,,ELEANOR,26
HARSHAD,1,,ELEANOR-ANNA,1
HARVEY,79,,ELECTRA,1
HARVIE,2,,ELENA,12
HASAN,6,,ELEONOR,1
HASEEB-UR-REHMAN,1,,ELEYA,1
HASHAR,1,,ELEYNA,1
HASHIM,1,,ELHAM,1
HASNAIN,1,,ELIA,1
HASSAN,6,,ELIANA,3
HASTYER,1,,ELIANE,1
HATEM,1,,ELIANNA,1
HAYDEN,59,,ELICE,1
HAYDN,3,,ELICIA,1
HAYDYN,3,,ELIKA,1
HAYTHAM,2,,ELIN,1
HAYYAN,1,,ELINA,1
HEATH,2,,ELINOR,2
HECTOR,11,,ELIOT,1
HEILYN,1,,ELIS,2
HEKTORAS,1,,ELISA,3
HEMANT,1,,ELISABETH,4
HEMISH,1,,ELISABETH-ANNE,1
HENDRY,1,,ELISABETTA,1
HENLEIGH,1,,ELISE,44
HENRY,39,,ELISHA,3
HERKUS,1,,ELISHEVA,1
HERMAN,1,,ELISSA,3
HERMON,1,,ELISYA,1
HESTON,1,,ELIZA,13
HO,2,,ELIZABETE,1
HOI,1,,ELIZABETH,72
HOLDEN,1,,ELIZE,2
HONGYU,1,,ELKA,1
HOWARD,1,,ELLA,126
HOWIE,4,,ELLA-JANE,2
HUANG,1,,ELLA-JAY,1
HUBERT,5,,ELLA-LOUISE,1
HUDSON,3,,ELLA-MAY,1
HUGH,18,,ELLA-ROSE,2
HUGHIE,3,,ELLANA,1
HUGO,14,,ELLE,13
HUMZA,2,,ELLE-JADE,1
HUNTER,7,,ELLE-JAY,1
HUSNAN,1,,ELLE-MAE,1
HUSSAIN,3,,ELLEN,19
HUSSAN,1,,ELLEN-BELLE,1
HUW,1,,ELLEN-PAIGE,1
HUZIFA,1,,ELLENA,1
HYELDA,1,,ELLESE,1
IAIN,23,,ELLI,3
IAN,26,,ELLIE,312
IAN-DERRY,1,,ELLIE-ANNA,1
IANTO,1,,ELLIE-BROOKE,1
IBRAHEEM,2,,ELLIE-JAE,1
IBRAHIM,10,,ELLIE-JAY,2
IBRAUHEEM,1,,ELLIE-KATE,1
IDREES,1,,ELLIE-LEE,2
IEUAN,1,,ELLIE-LOUISE,7
IFEANYICHUKWU,1,,ELLIE-MAE,2
IGNACY,1,,ELLIE-MAI,2
IGNAS,1,,ELLIE-MAY,3
IGOR,4,,ELLIE-NICOLE,1
IHECHIKARA,1,,ELLIE-ROSE,3
IJAZ,1,,ELLIEMAE,1
IKENNA,1,,ELLIEMARIE,1
ILERIOLUWA,1,,ELLIEROSE,1
ILHAN,1,,ELLIOTT,3
ILIAN,1,,ELLIS,29
ILIMOTAMA,1,,ELLISE,3
ILYAN,1,,ELLISSA,1
IMIRJANO,1,,ELLISSIA,1
IMRAAN,1,,ELLOISE,1
IMRAN,1,,ELLSIE,1
INAKI,1,,ELLY,3
INDERDEEP,1,,ELLYN,1
INDIGO,1,,ELLYS,3
INDIREN,1,,ELLYSE,3
INNES,43,,ELMIRA,1
INNIS,3,,ELODIE,3
IOAN,1,,ELOISE,15
IOANNIS,1,,ELONA,1
IRA,1,,ELORA,2
IREOLUWA,1,,ELSA,11
IRFAN,1,,ELSBETH,1
IRTAZA,1,,ELSIE,15
IRVIN,3,,ELSIE-JANE,1
IRVINE,1,,ELSPETH,2
ISA,1,,ELVA,1
ISAAC,59,,ELYSE,3
ISAC,1,,ELYSSA,1
ISAK,1,,ELYZABEL,1
ISHAAN,1,,EMA-MAY,1
ISHAI,1,,EMAAN,7
ISHMEET,1,,EMAN,2
ISLAM,1,,EMBER,1
ISMAEEL,2,,EMEILIA,1
ISMAIL,3,,EMELIA,2
ISRAEL,6,,EMELIE,1
ISSAC,1,,EMELINE,1
ITAI,1,,EMENIE,1
IVAN,6,,EMER,2
IVER,1,,EMERA,1
IVOR,2,,EMERSON,2
IYAD,1,,EMESE,1
IYAS,1,,EMI,1
IZAAC,1,,EMIE,2
IZAAK,5,,EMILEE,1
IZAAK-J,1,,EMILEIGH,1
IZACK,1,,EMILI,1
IZZY,1,,EMILIA,39
JAAFER,1,,EMILIE,12
JABRIL,1,,EMILIJA,1
JAC,2,,EMILLIE,3
JACE,2,,EMILLY,1
JACK,645,,EMILY,426
JACK-JAMES,1,,EMILY-ANNE,1
JACKSON,33,,EMILY-ELIZABETH,1
JACKSON-JAMES,1,,EMILY-JANE,3
JACKSYN,1,,EMILY-LOUISE,1
JACKY,1,,EMILY-ROSE,4
JACOB,110,,EMILY-SUE,1
JACOB-DEAN,1,,EMILYROSE,1
JACOB-TRISTEN,1,,EMINE,1
JACQUE,1,,EMMA,343
JACQUES-KAD,1,,EMMA-ANNE,1
JACSEN,1,,EMMA-JANE,1
JACUB,1,,EMMA-JAY,1
JADEN,8,,EMMA-LEIGH,2
JADON,2,,EMMA-LOUISE,3
JAE,3,,EMMA-ROSE,1
JAEDEN,1,,EMMAJANE,1
JAFFAR,1,,EMMANUELA,1
JAFR,1,,EMMANUELLA,1
JAI,12,,EMME,6
JAIDEN,7,,EMMELINE,2
JAIDYN,3,,EMMI-LOUISE,1
JAIK,1,,EMMIE,8
JAK,7,,EMMIN,1
JAKARIYA,1,,EMMY,5
JAKE,90,,ENA,3
JAKOB,9,,ENIJA,1
JAKSON,1,,ENJY,1
JAKUB,39,,ENYA,2
JALAL,1,,ERES,1
JAMAL,3,,ERICA,21
JAMEEL,1,,ERIKA,4
JAMES,438,,ERILYN,1
JAMES-JNR,1,,ERIN,329
JAMES-THOMAS,1,,ERIN-LOUISE,3
JAMEY,1,,ERIN-ROSE,1
JAMIAN,1,,ERINN,2
JAMIE,315,,ERNESTINE,1
JAMIE-RAY,1,,ERRIN,1
JAMIL,1,,ERYN,11
JAN,16,,ERYNN,5
JAPHET,1,,ESE,1
JARDIN,2,,ESETA,1
JARED,9,,ESHA,1
JARRON,1,,ESHAAL,3
JARVI,1,,ESHAL,2
JARVIS,2,,ESMA,1
JARYN,1,,ESME,16
JASE,1,,ESME-BROOKE,1
JASON,51,,ESOSA,1
JASON-LEE,1,,ESTELLE,3
JASPER,6,,ESTERE,1
JAVAN,1,,ESTHER,13
JAVID,1,,ESYAL,1
JAWAD,1,,ETHNE,1
JAX,1,,ETTA,1
JAXEN,1,,EUNICE,1
JAXON,13,,EVA,251
JAXSON,4,,EVA-ALEXANDRA,1
JAXXSON,1,,EVA-GRACE,1
JAY,181,,EVA-LILY,1
JAY-JAY,2,,EVA-LOUISE,1
JAY-LOGAN,1,,EVA-MAR,1
JAYAN,1,,EVA-ROSE,1
JAYCE,2,,EVAN,1
JAYDAN,1,,EVANGELINA,1
JAYDEN,216,,EVANGELINE,4
JAYDEN-JAMES,2,,EVE,117
JAYDEN-LEE,3,,EVEI,1
JAYDEN-THOMAS,1,,EVELINA,3
JAYDIN,1,,EVELYN,18
JAYDN,3,,EVELYNN,2
JAYDON,1,,EVI,3
JAYDYN,1,,EVIE,137
JAYE,2,,EVIE-GRACE,1
JAYINN,1,,EVIN,1
JAYKE,1,,EVINA,2
JAYLAN,1,,EVY,1
JAYME,1,,EWA,2
JAYMIE,1,,EWELINA,2
JAYMIN,1,,EYA,1
JAYON,1,,EYLANA,1
JAYSON,3,,EYLULNAZ,1
JE-MA,1,,EYVE,1
JEAN,1,,EZIOMA,1
JEAN-PIERRE,1,,EZMIE,1
JED,4,,FABIANA,1
JEDIDIAH,1,,FABIENNE,1
JEET,1,,FAHRA,1
JEEVA,1,,FAITH,46
JEEVAN,1,,FAITH-SHARONA,1
JEFFERSON,1,,FAITHE,1
JEFFREY,2,,FALLON,7
JEM,1,,FALON,1
JENSEN,6,,FARA,1
JENSON,5,,FARAH,4
JENSON-JAMES,1,,FAREEHA,2
JEREMI,1,,FARHEEN,1
JEREMIAH,3,,FARIDAT,1
JEREMIE,1,,FARRAH,10
JERMAINE,1,,FARRAH-LEIGH,1
JERRIN,1,,FARREL,1
JERRY,1,,FARRELL,1
JESHURUN,1,,FARREN,1
JESSE,6,,FARYL,10
JETHRO,1,,FATHIMA,1
JETT,3,,FATIHAH,1
JEVAN,1,,FATIMA,10
JGOR,1,,FATIMA-TUZ-ZAHRA,1
JIA,4,,FATIMAH,2
JIACHEN,1,,FATMA,2
JIBERRL,1,,FATMATA,1
JIDECHUKWU,1,,FATOOM,1
JIM,1,,FATOU,1
JIMMY,2,,FAUZIYYAH,1
JINDRICH,1,,FAVOUR,1
JING,1,,FAYE,17
JINGFANG,1,,FAYOLA,1
JO,1,,FAYTH,1
JOACHIM,1,,FEARN,2
JOAH,1,,FEARNE,10
JOAO,1,,FEDERICA,1
JOCK,1,,FEE,1
JODH,1,,FELICIA,1
JODY,1,,FELICITY,7
JOE,48,,FELICJA,1
JOEL,19,,FEN,1
JOENEY,1,,FERN,16
JOEY,8,,FERNE,1
JOHN,159,,FHERN,1
JOHN-JOE,1,,FIA,2
JOHN-JUNIOR,3,,FIANNA-ROSE,1
JOHN-PATRICK,1,,FINLI,1
JOHN-PAUL,3,,FIONA,16
JOHN-ROBERT,1,,FIZA,2
JOHN-STEPHAN,1,,FLO,2
JOHNANDREW,1,,FLORA,13
JOHNATHAN,1,,FLORAH,1
JOHNNIE,1,,FLORE,1
JOHNNY,9,,FLORENCE,17
JOHNSON,1,,FLORRIE,1
JOHNSTONE,1,,FOZIA,1
JON,4,,FRANCES,4
JON-PAUL,1,,FRANCESCA,22
JONAH,19,,FRANCHESCA,1
JONAS,3,,FRANKI,2
JONASZ,1,,FRANKIE,3
JONATAN,1,,FRAYA,2
JONATHAN,41,,FREJA,2
JONATHON,4,,FRENA,1
JONJOE,1,,FREYA,192
JONNI,1,,FREYA-GRACE,1
JONNY,1,,FREYAH,1
JONO,1,,FREYJA,12
JONTY,1,,FRIEDA,1
JOONYOUNG,1,,FUNG,1
JORDAN,59,,FYNN,1
JORDAN-JUNIOR,1,,GABI,1
JORDAN-LEE,1,,GABIJA,1
JORDEN,2,,GABRIELA,15
JORDIE,1,,GABRIELE,3
JORDIN,2,,GABRIELLA,26
JORDON,2,,GABRIELLE,19
JORDYN,2,,GAGANDEEP,1
JORGE,1,,GAIA,1
JORY,1,,GEMMA,42
JOSE,1,,GENA,1
JOSEP,1,,GENEVA,1
JOSEPH,174,,GENEVIEVE,5
JOSEVA,1,,GEORGIA,67
JOSH,138,,GEORGIANA,1
JOSHUA,218,,GEORGIE,6
JOSHUA-DANIEL,1,,GEORGINA,11
JOSHUAH,1,,GERRIE,1
JOSIAH,3,,GERTRAUD,1
JOSS,1,,GETE-ANNABELLE,1
JOSUE,1,,GIA,3
JOVEL,1,,GIANNA,1
JUAN,2,,GILDA,1
JUDAH,1,,GILLIAN,3
JUDE,38,,GINA,3
JULEN,1,,GIOVANNA,1
JULES,2,,GISELA,1
JULIAN,9,,GIULIA,1
JULIEN,1,,GLADINA,1
JULIUS,2,,GLORIA,1
JUN,4,,GLORY,2
JUNAID,1,,GRACE,262
JUNE,1,,GRACEY,2
JUNIOR,18,,GRACIE,51
JUNIOR-J,1,,GRACIE-MAE,1
JUNIORDAVID,1,,GRACIEROSE,1
JUNQI,1,,GRAINNE,1
JURGIS,1,,GRASIELA,1
JUSTAS,1,,GREER,1
JUSTICE,1,,GRETA,3
JUSTIN,26,,GULMEHAK,1
JUVEN,1,,GUNAMAYA,1
JYIE,1,,GURJEET,1
KA'IM,1,,GURVEEN,1
KACEY,1,,GURVEER,1
KACII,1,,GUYATRI,1
KACPER,29,,GWEN,4
KADE,7,,GWENYTH,1
KADEN,13,,GWYNETH,1
KADEN-JAY,1,,GYTA,1
KADIN,1,,HAADIYA,1
KADYN,6,,HADEER,1
KAEDEN,2,,HADIA,5
KAEDIN,1,,HAFSA,6
KAEDYN,1,,HAFSAH,3
KAEL,1,,HAGR,1
KAELAN,4,,HAIBA,1
KAELEB,1,,HAILEE,1
KAELIN,1,,HAILEY,16
KAELLAB,1,,HAILIE,1
KAHLAN,1,,HAILLIE,1
KAI,155,,HAIYA,1
KAIAN,1,,HAJER,1
KAIDAN,1,,HALEEMA,2
KAIDE,1,,HALEY,1
KAIDEN,57,,HALI,2
KAIDEN-LEE,1,,HALIMA,1
KAIDYN,3,,HALINA,1
KAIF,2,,HALLE,15
KAILIN,1,,HALLI,2
KAILLUM,1,,HALLIE,7
KAILUM,1,,HALO,2
KAIN,2,,HAMNA,2
KAINE,2,,HAN,1
KAIRIN,1,,HANA,9
KAIRN,1,,HANALEIGH,1
KAIRYN,2,,HANHALYN,1
KAISEI,1,,HANIA,1
KAIWEN,1,,HANIN,1
KAIYN,1,,HANIYA,4
KAJETAN,1,,HANNA,16
KAJUS,1,,HANNA-MARIA,1
KAL-EL,2,,HANNAH,282
KALAB,1,,HANNAH-LOUISE,1
KALAN,1,,HARINI,1
KALE,1,,HARKARUNJOT,1
KALEB,13,,HARLEY,5
KALIB,3,,HARLI,1
KALIL,1,,HARLOW,1
KALIN,2,,HARMONY,2
KALLAN,2,,HARPER,1
KALLEN-PIERCE,1,,HARRIET,12
KALLIN,1,,HARRIETT,1
KALLUM,2,,HARSHANA,1
KALUB,1,,HARSHINI,1
KALUM,1,,HARSUKHMAN,1
KALVIN,9,,HARVIER,1
KAMERON,3,,HATTIE,1
KAMIL,3,,HAVALAH,1
KAMRAN,3,,HAVANAH,1
KAMRYN,1,,HAVANNA-ROSE,1
KAMSIYOCHUKWU,1,,HAVIN,2
KAMSY,1,,HAYAH,1
KANE,13,,HAYDEN,23
KARAM,1,,HAYDON,1
KARANVIR,1,,HAYLEA,1
KARDO,1,,HAYLEIGH,5
KAREEM,1,,HAYLEY,57
KARIM,1,,HAYLIE,1
KARL,3,,HAYOUNG,1
KAROL,1,,HAZAL,2
KARRSON,1,,HAZEL,16
KARSON,3,,HEATHER,48
KARTER,1,,HEATHERLEE,1
KASH,1,,HEAVENLEIGH,1
KASIM,2,,HEBA,1
KASON,1,,HEDAYA,1
KASPER,2,,HEIDI,33
KASPIAN,1,,HEIDY,1
KASRA,1,,HELAI,1
KAVEN,1,,HELAN,1
KAVI,1,,HELEN,9
KAVIN,1,,HELENA,10
KAYAHAN,1,,HELLEN,1
KAYD,1,,HEMA,1
KAYDE,1,,HENRIETTA,1
KAYDEN,89,,HERMIONE,1
KAYDIN,2,,HESTER,2
KAYDN,4,,HIBA,2
KAYDON,2,,HIBAH,1
KAYDYN,1,,HIBBA,1
KAYLAN,1,,HIDAYA,1
KAYLEB,2,,HIKMAH,1
KAYLEM,1,,HILLARY,1
KAYLIB,2,,HINDA,1
KAYLUM,1,,HIRA,1
KAYNE,3,,HOLLI,4
KAYSON,2,,HOLLIE,68
KAZIMIERZ,1,,HOLLY,207
KAZUTO,1,,HOLLY-MARIE,1
KEADY,1,,HOLLY-MAY,1
KEAGAN,1,,HOLLY-ROSE,1
KEANAN,1,,HOLLYANNA,1
KEANE,3,,HOLLYANNE,1
KEANO,1,,HOLLYBETH,1
KEATON,4,,HONEA,1
KEAVEN,1,,HONEY,14
KEEGAN,7,,HONG,1
KEEGAN-JACK,1,,HONOR,9
KEELAGHN,1,,HONOUR,1
KEELAN,3,,HOORIYA,1
KEELEN,1,,HOPE,29
KEELIN,1,,HOPEMARIE,1
KEENAN,1,,HUDA,2
KEGAN,3,,HULDAH,1
KEHINDE,1,,HUMAIRA,1
KEI,1,,HUMNAH,1
KEIAN,2,,HUNAYDA,1
KEIGAN,1,,HUNIE,1
KEIR,30,,HURIA,1
KEIRAN,26,,HURRUM,1
KEIREN,5,,HUSNA,1
KEIRON,4,,HUSNAH,1
KEITH,4,,IANTHE,1
KELDEN,1,,IDA,2
KELL,1,,IESHA,1
KELLAN,1,,IEVA,2
KELLEN,1,,IFECHUKWU,1
KELLY,2,,IGA,2
KELSEY,1,,ILA,1
KELSON,1,,ILARIA,2
KELVIN,10,,ILMA,1
KEN,1,,ILONA,1
KENAI,1,,IMAAN,3
KENDAL,1,,IMAN,5
KENDALL,1,,IMANI,2
KENECHI,1,,IMANTE,1
KENLEY,1,,IMARA,1
KENNETH,14,,IMOGEN,60
KENNY,2,,IMOGENE,1
KENZEE,1,,INAAYA,8
KENZEY,1,,INAYA,3
KENZI,1,,INAYAH,1
KENZIE,97,,INCA,1
KENZO,3,,INDI,1
KENZY,1,,INDIA,13
KERIAN,1,,INDIANA,1
KERIM,1,,INDIE,2
KERR,41,,INDIEYA,1
KERRID,1,,INDY,2
KESTER,1,,INEZ,2
KEVIN,41,,INGA,1
KEVYN,2,,INGRID,1
KEYAAN,1,,INNAYA,1
KEYNAN,1,,INNIS,1
KHAI,1,,IO,1
KHAWAR,1,,IOANA,1
KHIAN,1,,IOLA,1
KHIZAR,2,,IONA,68
KI,1,,IONA-LILLY,1
KIAAN,1,,IONA-MARY,1
KIAIN,1,,IQRA,5
KIAN,74,,IRAM,1
KIARON,1,,IREEN,1
KIEFER,3,,IREM,1
KIELSEN,1,,IRENE,1
KIENAN,2,,IRIS,16
KIER,1,,ISABEL,16
KIERAN,106,,ISABELA,1
KIERAN-JAMES,1,,ISABELLA,57
KIEREN,4,,ISABELLE,20
KIERON,10,,ISEABAIL,1
KIITAN,1,,ISHA,3
KILLEAN,1,,ISHBEL,7
KILLIAN,3,,ISHTI,1
KIM,1,,ISILA,1
KINGSLEY,2,,ISIS,1
KINNON,2,,ISLA,325
KINZIE,1,,ISLA-JAYNE,1
KIRAN,5,,ISLA-JEAN,1
KIRK,1,,ISLA-ROSE,1
KIRRIL,1,,ISLAY,12
KIT,2,,ISLE,1
KJARTAN,1,,ISMA,1
KLAE,1,,ISMAY,1
KLAUDIUSZ,1,,ISMENE,1
KLAYTON,1,,ISOBEL,25
KNUT,1,,ISOBELLA,4
KOBE,9,,ISOBELLE,1
KOBEI,1,,ISRA,3
KOBEY,1,,ISRAA,2
KOBI,2,,ISUMI,1
KOBIE,1,,ITEOLUWAKISHI,1
KOBY,2,,IVANA,2
KODI,5,,IVANKA,1
KODIE,1,,IVY,8
KODY,6,,IYLEENA,1
KOEN,2,,IZABEL,1
KOFI,2,,IZABELA,2
KOHEN,1,,IZABELLA,2
KOLBY,2,,IZEL,1
KOLE,3,,IZUMA,1
KOLYA,1,,IZZA,1
KONNER,1,,IZZI,1
KONNOR,1,,IZZIE,1
KONRAD,2,,IZZY,2
KORBAN,1,,JACEY,1
KOREGAN,1,,JACQUELINE,4
KOREY,3,,JACQUELYN,1
KORI,4,,JADE,21
KORNEL,2,,JADEN,1
KORRIE,1,,JADIA,1
KORY,1,,JADYN-ROSE,1
KOSISOCHUKWU,1,,JADZIA,2
KOSTADIN,1,,JAGODA,4
KOUDAI,1,,JAID,1
KOUPER,1,,JAIME,17
KRIS,9,,JAIME-LEIGH,2
KRISHNAN,2,,JAIMEE,6
KRISS,1,,JAIMEE-LEE,1
KRISTERS,1,,JAIMI-LEE,1
KRISTIAN,6,,JAIMIE,2
KRISTO,1,,JAIMIE-LEE,2
KRISTOFER,2,,JAIMIE-LEIGH,3
KRISTOPHER,4,,JAMALA,1
KRUZ,2,,JAMES,1
KRYSPIN,1,,JAMEY,1
KRYSTIAN,5,,JAMIE,9
KRZYSZTOF,2,,JAMIE-LEE,6
KSAWERY,2,,JAMIE-LEIGH,8
KSAWIER,1,,JAMIE-LYNN,2
KUBA,4,,JAMIELEE,1
KURDI,1,,JAMIELEIGH,1
KURT,1,,JAMII-ELLE,1
KYAN,2,,JANA,4
KYE,8,,JANE,4
KYEL,1,,JANEEN,1
KYENZIE,1,,JANELLA,1
KYGHE,1,,JANELLE,1
KYIAN,1,,JANET,2
KYIS,1,,JANEY,1
KYLAN,1,,JANEY-ROSE,1
KYLAR,1,,JANICE,1
KYLE,289,,JANINA,1
KYLER,1,,JANNAT,1
KYRAN,7,,JANVI,1
KYREN,1,,JAS,1
KYRIN,1,,JASMIN,10
KYRRAN,1,,JASMINA,2
LACATUS,1,,JASMINE,73
LACHAIDH,1,,JASMYN,1
LACHIE,1,,JASPREET,1
LACHLAN,28,,JAYDA,1
LAIRD,1,,JAYDE,1
LAISE,1,,JAYDEN,2
LAITH,1,,JAYE,1
LAKSHAY,1,,JAYLA,2
LAKSHYA,1,,JAYLA-LOUISE,1
LANCE,2,,JAYLIN,1
LANDO,1,,JAYLO,1
LARSSON,1,,JAYMA,1
LASSINA,1,,JAYME,1
LATHAN,1,,JAYME-LEI,1
LAUCHLAN,15,,JAYMEE,1
LAUCHLANN,1,,JAYMEE-LEIGH,1
LAUCHLYN,1,,JAYMI,3
LAUGHLIN,1,,JAYMIE-LOUISE,1
LAURENCE,5,,JAYNE,1
LAURENTIU,1,,JAYNEY,1
LAURIE,3,,JAYNIE,1
LAWAND,1,,JAZMINE,1
LAWEY,1,,JEAN,1
LAWRENCE,6,,JEANAN,1
LAWRIE,1,,JEANE,1
LAWSON,1,,JEEVAN,1
LAYLAND,1,,JELENA,1
LAYNE,3,,JEMIMA,6
LAYTEN,1,,JEMIMAH,2
LAYTON,15,,JEMMA,13
LEAL,1,,JEMMISON,1
LEANDRO,4,,JEN,1
LEE,55,,JENA,3
LEE-JAMES,1,,JENIELLE,1
LEHNIN,1,,JENNA,49
LEIF,1,,JENNAFER-LEE,1
LEIGH,1,,JENNEN,1
LEIGHLAND,1,,JENNESSA,1
LEIGHTON,19,,JENNI,2
LEIGHUM,1,,JENNIE,1
LEILAND,1,,JENNIFER,50
LEITH,2,,JENNIFERLEE,1
LELAND,7,,JENNY,4
LEMUEL,1,,JENNY-FRANCINE,1
LENNAIN,1,,JEORGI,1
LENNAN,2,,JEORJA,1
LENNART,1,,JERZI-JO,1
LENNIN,1,,JESLYN,1
LENNIX,1,,JESS,9
LENNON,49,,JESSI,1
LENNOX,14,,JESSICA,293
LENNY,4,,JESSICA-LEIGH,2
LENO,1,,JESSICA-PAIGE,1
LENON,2,,JESSIE,5
LENOX,1,,JESSIKA,1
LEO,119,,JESSLYN,1
LEO-JAY,1,,JET,1
LEODHAS,1,,JEWEL,1
LEON,119,,JHANVI,1
LEON-JAYDON,1,,JIA,5
LEONARD,3,,JIAWEN,1
LEONARDO,7,,JILL,1
LEONIDIS,1,,JILLIAN,1
LESLIE,1,,JIN,1
LEVI,18,,JIYA,1
LEVON,2,,JO,1
LEWIE,1,,JOAN,2
LEWIN,1,,JOANIE,1
LEWIS,606,,JOANNA,8
LEWIS-JAY,1,,JOANNE,5
LEYLAN,1,,JOCELYN,3
LEYLAND,1,,JODEE,1
LEYTON,6,,JODI,11
LIAM,415,,JODIE,24
LIAM-ALEXANDER,1,,JODY,2
LIELL,1,,JOELL,1
LINCOLN,4,,JOELY,2
LINDAN,1,,JOEY,3
LINDEN,1,,JOHAN,1
LINDSAY,1,,JOHANNA,3
LINUS,3,,JOLANKA,1
LIONEL,1,,JOLANTA,1
LIOR,1,,JOMANA,1
LLEYTON,9,,JONI,1
LLOYD,8,,JOOLS,1
LOCHIE,1,,JOORY,1
LOCHLAN,15,,JORDAN,3
LOCHLANN,3,,JORDANNA,1
LOCHLIN,2,,JORDIN,1
LOGAN,413,,JORDYN,2
LOGAN-JAY,1,,JORGA,1
LOGHAN,2,,JORGI,2
LOGYN,2,,JORGIE,1
LOMOND,2,,JORJA,11
LONGJI,1,,JORJA-JEN,1
LONNIE,1,,JORJIA,1
LORCAN,1,,JOSCELYN,1
LORENCE,1,,JOSEFA,1
LORENZ,1,,JOSELYN,1
LORENZO,6,,JOSEPHINE,4
LORIMER,1,,JOSEPHINE-JANET,1
LORNE,1,,JOSIE,17
LORNS,1,,JOSIEPHINE,1
LOUDEN,1,,JOSS,1
LOUDON,1,,JOTHISHA,1
LOUGHLAN,1,,JOURIYA,1
LOUGHLIN,1,,JOY,2
LOUI,1,,JOYCE,1
LOUIE,25,,JUBILEE,1
LOUIS,52,,JUDE,1
LOUKMAN,1,,JUDI,1
LOVEPREET,1,,JUDITH,1
LUAY,1,,JUDY,1
LUC,3,,JUDYTA,2
LUCA,49,,JUHI,1
LUCAS,296,,JULIA,59
LUCCA,4,,JULIANA,2
LUCIAN,2,,JULIANNE,1
LUCIAS,1,,JULIE,1
LUCIEN,3,,JULIENNE,1
LUCIUS,1,,JULIET,5
LUCUS,2,,JULIETTE,11
LUIGI,2,,JUNO,1
LUIS,5,,JURA,1
LUKA,6,,JUSTINA,1
LUKAS,15,,JUVERIYA,1
LUKASZ,6,,JUWARIAH,1
LUKE,151,,KACEE,1
LUNDON,1,,KACEY,27
LUQMAAN,1,,KACEY-LEE,1
LUQMAN,1,,KACEY-LEIGH,2
LUTANDA,1,,KACEY-MAE,1
LUTHAIS,1,,KACEYLEE,1
LUTHER,1,,KACI,13
LUUKAS,1,,KACI-LEIGH,2
LWANDLE,1,,KACI-LYN,1
LYAL,1,,KACIE,15
LYALL,4,,KACIE-LEIGH,1
LYLE,21,,KACY,3
LYNDEN,2,,KACY-LEIGH,1
LYNTON,1,,KADDY,1
LYON,1,,KADE,1
MABROK,1,,KADEE,1
MAC,6,,KADENCE,1
MACAILEAN,1,,KADEY-LEE,1
MACAULAY,2,,KADI,1
MACAULEY,3,,KADIE,2
MACCAULAY,1,,KADIE-LEE,1
MACIEJ,7,,KADIE-LEIGH,1
MACK,4,,KADIEE,1
MACKAY,1,,KADY,6
MACKENZIE,39,,KAEDIE-LEI,1
MACKENZIE-CRAIG,1,,KAEDIS,1
MACKENZY,1,,KAELA,4
MACKINLAY,1,,KAELAH,1
MACLEAN,1,,KAELYN,7
MACLEOD,1,,KAHLI,1
MADDIX,1,,KAI'MI,1
MADDOX,1,,KAI-LYN,1
MADISON,1,,KAIA,1
MADOC,1,,KAIAH,1
MAGNUS,25,,KAIAH-ROSE,1
MAHAD,1,,KAICIE,1
MAHDI,3,,KAIDENCE,1
MAHER,1,,KAIDI,1
MAHESH,1,,KAIDI-LEIGH,1
MAHMOOD,1,,KAIDIAH,1
MAHMOUD,1,,KAIDIELEIGH,1
MAISON,4,,KAIGHLA,1
MAJED,1,,KAILA,1
MAJOR,1,,KAILAH,1
MAKAN,1,,KAILEE,1
MAKENZI,1,,KAILEIGH,1
MAKENZIE,2,,KAILEY,1
MAKI,1,,KAILYN,2
MAKSIM,1,,KAIRA,2
MAKSYMILIAN,5,,KAIRI,1
MALACHAI,1,,KAITANN,1
MALACHI,3,,KAITIE,1
MALACHY,9,,KAITLEN,1
MALAKAI,3,,KAITLIN,20
MALAKI,1,,KAITLIN-LEIGH,1
MALCOLM,12,,KAITLYN,41
MALIK,3,,KAITLYNN,2
MALO,1,,KAITLYNNE,1
MANI,1,,KAIYA,3
MANJESH,1,,KAJA,2
MANMEET,1,,KAJOL,1
MANNI,2,,KALAH,1
MANOACH,1,,KALEY,1
MANOJ,1,,KALI,4
MANSOOR,3,,KALIE,2
MANU,1,,KALINA,2
MANUEL,1,,KALISHA,1
MANZOOR,1,,KALLEIGH,1
MARC,26,,KALLIE,5
MARCAS,1,,KALLIE-MARIE,1
MARCEL,10,,KALYAH,1
MARCELLO,2,,KALYCE,1
MARCO,12,,KALYN,1
MARCOS,1,,KALYSE,1
MARCUS,44,,KALYSHIA,1
MAREK,4,,KAMELLA,1
MARIN,1,,KAMILA,1
MARIO,4,,KAMILE,2
MARIS,1,,KAMILLA,1
MARIUSZ,2,,KAMRYN,1
MARK,75,,KANO,1
MARK-ANTONY,1,,KANZA,1
MARKJELLO,1,,KAOIMHIE,1
MARKUS,4,,KARA,60
MARKUSS,1,,KARA-LOUISE,1
MARLEY,18,,KARAGH,1
MARLIE,1,,KARAH,2
MARLY,1,,KARAMPREET,1
MARSHALL,3,,KAREN,3
MARTI,1,,KAREN-MARIE,1
MARTIN,24,,KAREZ,1
MARTYN,2,,KARI,2
MARVIN,1,,KARI-ANN,1
MARWAN,2,,KARINA,3
MASON,94,,KARINE,1
MASON-BRUCE,1,,KARIS,17
MASON-LEE,1,,KARIS-LOUISE,1
MASSI,1,,KARLA,4
MASSINISSA,1,,KARLI,4
MASSON,2,,KARLIE,3
MASSOUD,1,,KARLING,1
MASYN,1,,KARLY,16
MATAI,1,,KARMELLA,1
MATE,2,,KARMYN,2
MATEEN,1,,KAROLINA,8
MATEO,1,,KARRA,3
MATEUSZ,20,,KARRIE,2
MATHANARAJ,1,,KARRIS,1
MATHEW,11,,KARUNA,1
MATHIAS,3,,KARYS,9
MATHIEU,2,,KARYSS,1
MATIAS,1,,KASEY,17
MATIS,1,,KASEY-LEIGH,1
MATT,3,,KASHISH,1
MATTEO,1,,KASHIYA,1
MATTHEW,289,,KASI,2
MATTHIEU,1,,KASIA,1
MATTI,1,,KASIE,2
MATTIE,1,,KASSI,3
MAURITS,1,,KASSIA,1
MAURYCY,1,,KASSIDI,1
MAVEED,1,,KASSIDY,4
MAX,223,,KASSIE,3
MAXI,2,,KATARZYNA,2
MAXIM,3,,KATE,38
MAXIME,2,,KATE-LYNN,1
MAXIMILIAN,10,,KATEE,1
MAXIMILIEN,1,,KATELYN,17
MAXIMILLIAN,1,,KATELYNE,1
MAXIMO,1,,KATELYNN,1
MAXIMUS,3,,KATHARINA,1
MAXMILLIAN,1,,KATHARINE,2
MAXWELL,26,,KATHARYN,1
MAXX,3,,KATHERINE,33
MAXYMILIAN,3,,KATHERYN,1
MAXYMILLIAN,1,,KATHLEEN,4
MAYNARD,1,,KATHRYN,19
MCANTHONY,1,,KATI,1
MCCAULLIE,1,,KATIE,360
MCKAY,1,,KATIE-ANNE,1
MCKENZI,1,,KATIE-ELIZABETH,1
MCKENZIE,26,,KATIE-JANE,1
MCKENZY,1,,KATIE-LEE,2
MCKINLEY,2,,KATIE-LEIGH,7
MEER,1,,KATIE-LOUISE,4
MEHDI,1,,KATIE-MAY,1
MEHMET,3,,KATIENNE,1
MEI,1,,KATILYN,1
MELVIN,1,,KATLIN,1
MEMET,1,,KATLYN,5
MENZIE,1,,KATRINA,3
MESUD,1,,KATRINE,1
MIAKA,1,,KATY,20
MICAH,5,,KATY-GRACE,1
MICHAEL,204,,KATYA,1
MICHAEL-JAY,1,,KAVYA,1
MICHAEL-TYLER,1,,KAY,6
MICHAL,16,,KAYA,3
MICHEAL,1,,KAYAH,1
MICHEL,1,,KAYANA,1
MICHIEL,1,,KAYANNA,1
MIGUEL,2,,KAYARA,1
MIKA,1,,KAYCEE,3
MIKAEEL,2,,KAYCI,1
MIKAIAL,1,,KAYCIE,2
MIKAIL,1,,KAYCIE-JAI,1
MIKAS,1,,KAYDEE,3
MIKAYEL,1,,KAYDEE-LEIGH,1
MIKE,1,,KAYDEN,5
MIKELIS,1,,KAYDENCE,1
MIKENZY,1,,KAYDI,1
MIKEY,12,,KAYDIE,2
MIKOLAJ,8,,KAYDY,2
MILAN,2,,KAYLA,141
MILES,6,,KAYLA-LYNDSEY,1
MILLAR,5,,KAYLA-MARIE,1
MILLEN,2,,KAYLA-MAY,1
MILLER,10,,KAYLAH,5
MILO,21,,KAYLAH-MORGAN,1
MILOSZ,1,,KAYLEE,5
MINA,1,,KAYLEE-JANE,1
MINORU,1,,KAYLEIGH,67
MIRACLE,1,,KAYLEY,10
MIRKO,1,,KAYLIE,3
MIRON,1,,KAYLIN,9
MIROSLAV,1,,KAYLINN,1
MIRSAB,1,,KAYLN,1
MITCHAL,1,,KAYLYN,1
MITCHEL,2,,KAYSIE,1
MITCHELL,30,,KAYTIE,1
MMELENHLE,1,,KEANNA,2
MOAD,1,,KEAVY,3
MOANS,1,,KEDEST,1
MOHAMAD,2,,KEEDIE,1
MOHAMED,15,,KEELEY,6
MOHAMMAD,35,,KEELIE,2
MOHAMMAD-RAYAN,1,,KEELY,2
MOHAMMED,71,,KEERA,2
MOHAMMED-AZHAR,1,,KEERAN,1
MOHANED,1,,KEEVA,7
MOHSIN,2,,KEEVAY,1
MOIZ,1,,KEHINDE,1
MONROE,1,,KEILIDH,1
MONTGOMERY,1,,KEILLY-SHAE,1
MONTY,1,,KEILY,1
MOOSA,1,,KEIRA,98
MORAY,4,,KEIRA-ANGEL,1
MORAYO,1,,KEIRA-LEE,1
MORGAN,24,,KEIRA-LEIGH,1
MORGEN,1,,KEIRA-LOUISE,2
MORGHEN,1,,KEIRALEE,1
MORITZ,1,,KEIRAMARIE,1
MORRAY,1,,KEIRSTEN,1
MORRGAN,1,,KEISHA,3
MORRIS,2,,KEIVA,1
MOSAAB,1,,KELCEE,1
MOSES,1,,KELCEY,1
MOTAZ,1,,KELCI-LEIGH,1
MOUATH,1,,KELLI,1
MOUSTAPHA,1,,KELLIE,1
MUAZ,1,,KELLIS,1
MUBEEN,2,,KELLISE,1
MUFARO,1,,KELLSIE,2
MUFTAH,1,,KELLY,4
MUGEN,1,,KELLYANN-MARIE,1
MUHAMMAD,64,,KELSAY-LEE,1
MUHAMMAD-AHMAD,1,,KELSEIGH,1
MUHAMMAD-YAHYA,1,,KELSEY,44
MUHAMMADAZEEM,1,,KELSEY-LEIGH,1
MUHAMMED,13,,KELSEY-MAY,1
MUHANAD,1,,KELSEYLEE,1
MUHD,1,,KELSI,11
MUHDIN,1,,KELSIE,12
MUHHAMED,1,,KELSIE-LEIGH,1
MUHTASIM,1,,KELSY,2
MUJTABAA,1,,KENADI,1
MUNACHIMSO,1,,KENADIE,1
MUNGO,1,,KENDAL,5
MUNRO,2,,KENDALL,3
MUNROE,1,,KENDI,1
MUNZUR,1,,KENDRA,5
MUQADUS,1,,KENDYL,1
MURDO,7,,KENDYLL,1
MURDOCH,1,,KENLEY,1
MURPHY,2,,KENNA-MARIE,1
MURRAY,85,,KENNEDI,1
MURRY,1,,KENNEDY,3
MURTADAA,1,,KENNYH,1
MUSA,5,,KENSIE,1
MUSAB,1,,KENZI,4
MUSTAFA,3,,KENZI-LEE,1
MUZAMMIL,1,,KENZIE,10
MYLES,13,,KENZIE-LEIGH,1
MYLO,2,,KEONA,1
NABEEL,2,,KERA,1
NABIL,1,,KERENSA,1
NADEEM,1,,KERI,2
NADHIR,1,,KERIN,1
NAETHYN,1,,KERIS,3
NAHIYAN,1,,KERISS,1
NAIM,1,,KERRI,2
NAIRN,14,,KERRIE,1
NAITHAN,1,,KERRIN,1
NALIN,1,,KERRIS,7
NAMAN,1,,KERRY,7
NANA,1,,KERRY-ANNE,1
NAOISE,1,,KERRYN,1
NASIF,1,,KERYN,3
NASR,1,,KERYS,6
NASRULLAH,1,,KETSIA,1
NATAN,6,,KEVIE,1
NATANAS,1,,KEYANNA,2
NATANIEL,2,,KEYU,1
NATE,4,,KHADIJA,8
NATHAN,268,,KHADIJAH,5
NATHANAEL,5,,KHAIRAH,1
NATHANIEL,17,,KHALI,1
NATHEN,2,,KHALLE,1
NAVIYAN,1,,KHALY-SHIMA,1
NAVJOT,1,,KHANSA,1
NAVKIRAT,1,,KHATIJA,1
NEALL,1,,KHAYA,1
NECO,1,,KHIANA,1
NEDAS,1,,KHIANNA,1
NEELESH,1,,KHLOE,6
NEESON,1,,KHOWLA,1
NEEVAN,1,,KHYRA,1
NEHAN,1,,KIAH,2
NEIL,11,,KIAHLA,1
NELSON,1,,KIALA,1
NEO,3,,KIANA,4
NEVIN,3,,KIANA-LEE,1
NEVIS,1,,KIANAH,1
NEWTON,1,,KIANNA,3
NIAL,1,,KIARA,13
NIALL,18,,KIARA-LOUISE,1
NICHOL,1,,KIARAH,1
NICHOLAS,30,,KIARRA,1
NICK,4,,KIEARA,1
NICKY,2,,KIERA,37
NICO,13,,KIERRA,2
NICOL,1,,KIESHA,1
NICOLAS,11,,KIEVA,2
NICOLN,1,,KIEVIE,1
NIELS,1,,KIKI,2
NIKKIE,1,,KIM,1
NIKO,2,,KIMAYA,1
NIKODEM,9,,KIMBER,2
NIKOLAI,1,,KIMBERLEY,14
NIKOLAJS,1,,KIMBERLY,9
NIKOLAOS,1,,KIMI,1
NIKOLAS,1,,KIMORA,1
NILE,1,,KINGA,2
NIVEN,2,,KINJAL,1
NIVIN,1,,KINVARA,1
NIXON,2,,KIRA,7
NOA,1,,KIRAN,2
NOAH,98,,KIRANJEET,1
NOAH-REEVIE,1,,KIRIN,1
NOBLE,2,,KIRSTEN,22
NOEL,5,,KIRSTI,1
NOJUS,2,,KIRSTIE,7
NOKUTENDA,1,,KIRSTIN,8
NOLAN,2,,KIRSTY,53
NOMAN,1,,KIRSTY-MARIA,1
NOOR,1,,KIRSTYN,1
NORAIZ,1,,KIRTI,1
NORMAN,2,,KITTY,5
NOSARENA,1,,KITTY-ANNA,1
NOYAL,1,,KIVAH,1
NUHA,1,,KIYAH,1
NUR,1,,KIYANNA,1
NUTIFAFA,1,,KIZZI,1
NUTIKORKOE,1,,KLARA,3
NYLE,1,,KLARACATE,1
O'NAM,1,,KLAUDIA,5
OAKLEY,2,,KLAUDIE,1
OBAN,1,,KLEA,1
OBEAD,1,,KLOE,1
OBIEZE,1,,KLOEY,2
OBYDA,1,,KOBIE,1
OCEAN,1,,KODI,1
ODEN,1,,KODIE,4
ODHRAN,5,,KODIEY,1
ODILON,1,,KOLBIE,1
ODIN,3,,KORI,3
OGOOLUTAMIYO,1,,KORIN,1
OISIN,3,,KORNELIA,2
OKEOGHENE,1,,KORTNILEIGH,1
OLAF,4,,KOUNAIN,1
OLAMILEKAN,1,,KOURTNEY,1
OLAOLUWA,1,,KRISHA,1
OLGIERD,1,,KRISHNA,1
OLIE,1,,KRISSIE,1
OLIN,1,,KRISSY,1
OLIVER,233,,KRISTA,1
OLIVIER,13,,KRISTEN,1
OLIWIER,6,,KRISTIE,1
OLLI,2,,KRISTIN,4
OLLIE,19,,KRISTINA,4
OLLIVER,1,,KRISTINE,1
OLLY,3,,KRISTYN,1
OLUMIDE,1,,KRYSTA,1
OLUWADAMISI,1,,KRYSTAL,2
OLUWAMUREWA,1,,KRYSTAL-LEAH,1
OLUWASENI,1,,KRYSTALLE-ANN,1
OLUWATENIOLA,1,,KRYSTINA,1
OLUWATIMILEHIN,2,,KSENIJA,1
OLUWATOMISIN,1,,KT,1
OMAR,7,,KURINJI,1
OMEED,1,,KYAH,1
OMER,1,,KYESHA,1
OMERAH,1,,KYJA,1
OMOTAYO,1,,KYLA,19
OMRAJ,1,,KYLAH,2
ORAN,8,,KYLIE,3
ORIN,1,,KYM,1
ORLANDE,1,,KYMBERLEY,1
OROMENA,1,,KYMBERLY,1
ORPHEUS,1,,KYMM,1
ORR,1,,KYRA,8
ORRAN,3,,KYRAH,1
ORREN,1,,KYRALEE,1
ORRIN,3,,KYRIE,1
ORSON,1,,LA,1
OSCAR,89,,LAAIBAH,2
OSENEME,1,,LACEY,46
OSKA,1,,LACEY-LEE,2
OSKAR,27,,LACI,3
OSKARS,1,,LACIE,2
OSSIAN,1,,LACY,2
OSTYN,1,,LAELA,1
OSWALD,1,,LAIA,1
OSWIN,1,,LAIBA,10
OTIS,4,,LAIBAH,3
OTTO,1,,LAIGHNEY,1
OWEN,204,,LAILA,13
OZZY,1,,LAILAH,3
P,2,,LAINA,1
PABLO,1,,LAINIE,1
PADDY,1,,LAIYA,1
PADDYJOE,1,,LAKE,1
PADRAIG,1,,LAKINNA,1
PAPA,1,,LAKOTA,1
PARKER,5,,LAMA,1
PASCAL,2,,LAMAR,1
PATRICK,44,,LAMARA,1
PATRIK,1,,LAMEES,1
PATRYK,16,,LANA,34
PAUL,64,,LANA-ASHLEY,1
PAULL-J,1,,LANEE,1
PAULO,1,,LANG,1
PAVEL,1,,LAOISE,1
PAWEL,4,,LARA,40
PEACE,1,,LARAH,1
PERCIVEL,1,,LARAINA,1
PEREZ,1,,LAREINA,1
PETER,26,,LARISSA,3
PETER-JAMES,1,,LARREN,1
PETR,1,,LARYEA,1
PHAEDRUS,1,,LAURA,48
PHIL,1,,LAURALEA,1
PHILIP,10,,LAURAN,1
PHILLIP,4,,LAURANN,1
PHINN,1,,LAUREL,1
PHOENIX,2,,LAURELI,1
PIERCE,2,,LAUREN,154
PIERRE,1,,LAUREN-LOU,1
PIERSON,1,,LAURI,1
PIETRO,2,,LAURIE,9
PILAAL,1,,LAURYN,7
PIOTR,12,,LAWRIE,1
PLATON,1,,LAYA,2
PRAISE,1,,LAYCEY,1
PRANAV,1,,LAYLA,79
PRATHAM,1,,LAYLAA,1
PRECIOUS,1,,LAYLAH,2
PRENTICE,3,,LAYLAH-MAY,1
PRESLEY,3,,LE,1
PRESTON,11,,LEA,7
PRINCE,1,,LEA-ANNA,1
PRINCE-DANIEL,1,,LEAH,228
PRITHVI,1,,LEAH-GRACE,2
QAIS,1,,LEAH-MARIE,2
QASIM,1,,LEAHA,1
QUENTIN,1,,LEALA,2
QUIN,1,,LEAN,1
QUINN,10,,LEANNA,7
R-JAY,1,,LEANNAH,1
RAAHIL,1,,LEANNE,2
RAAYN,1,,LEAYAH,1
RAB,1,,LEE,2
RADOSLAW,1,,LEEAH,1
RADWAN,1,,LEEANNA,1
RAEES,1,,LEELA,1
RAFAEL,3,,LEEN,1
RAFEE,1,,LEENA,7
RAFI,1,,LEIA,6
RAHEEB,1,,LEIARA,1
RAHEEM,1,,LEIGH,11
RAHUL,2,,LEIGHA,14
RAIBEART,1,,LEIGHTON,1
RAIDEN,2,,LEILA,19
RAIGAN,1,,LEILAH,3
RAIGEN,1,,LEILANI,1
RAIHAN,1,,LEIZXHA,1
RAJAN,2,,LEMONI,1
RAJVEER,1,,LENA,19
RAKEEM,1,,LENGNAN,1
RALPH,4,,LENI-JANE,1
RAMI,1,,LENNIX,1
RAMON,1,,LENORA,1
RAMSAY,8,,LEONA,21
RANA,1,,LEONI,5
RANJODH,1,,LEONIE,5
RANO,1,,LESLIE-ANN,1
RANULF,1,,LETICIA,1
RANULPH,1,,LETISHA,1
RAPHAEL,4,,LEV,1
RATU,1,,LEVI,4
RAVINDER,1,,LEWON,1
RAWSON,1,,LEXA,2
RAY,1,,LEXI,72
RAYAAN,3,,LEXI-ANNE,1
RAYAN,8,,LEXI-LEIGH,1
RAYEN,1,,LEXI-MAY,1
RAYHAAN,1,,LEXIE,62
RAYHAN,3,,LEXUS,1
RAYMIE,1,,LEXXI,1
RAYMOND,6,,LEXY,2
RAYYAN,6,,LEYA,1
RAZA,1,,LEYLA,2
REAGAN,7,,LIA,9
REAGEN,1,,LIAH,1
REAGYN,1,,LIALA,1
REDA,1,,LIANA,2
REDFORD,1,,LIANNA,1
REECE,98,,LIBBI,1
REED,1,,LIBBIE,1
REEGAN,6,,LIBBY,52
REES,2,,LIBBY-ROSE,1
REESE,3,,LICIA,1
REEVE,3,,LIDIA,1
REGAN,8,,LIDYA,2
REGHAN,1,,LIESL,1
REGINALD,1,,LIJA,1
REHAAN,2,,LILA,5
REHAN,2,,LILAH,1
REHMAN,2,,LILI,6
REHOBOTH,1,,LILIA,4
REID,1,,LILIAN,1
REIGAN,1,,LILIANA,4
REIHAN,1,,LILIANNA,1
REILEY,1,,LILIANNE,1
REILLY,6,,LILIDH,1
REISS,7,,LILJANNA,1
REMI,1,,LILLI,6
REMO,1,,LILLIA,1
REMY,2,,LILLIAN,7
REN,2,,LILLIANNA,1
RENNIE,1,,LILLIE,6
REO,2,,LILLIET,1
REON,1,,LILLY,47
REUBAN,1,,LILLY-ELLA,1
REUBEN,39,,LILLY-GRACE,1
REX,1,,LILLY-JEAN,1
REYANSH,1,,LILLY-LOUISE,1
REYSS,1,,LILLY-MAE,1
RHAURI,1,,LILLY-MAY,2
RHEGAN,1,,LILY,261
RHEUBEN,1,,LILY-ANN,1
RHIAN,3,,LILY-ELLA,1
RHUAIRDH,1,,LILY-ELLE,1
RHUARI,1,,LILY-JESSICA,1
RHUARIDH,3,,LILY-KATE,1
RHUNE,1,,LILY-MAE,1
RHURAIDH,2,,LILY-MAY,5
RHURI,3,,LILY-ROSE,7
RHYDIAN,1,,LILY-SOPHIA,1
RHYLAN,3,,LILY-SUE,1
RHYLEE,1,,LILYANA,2
RHYLEY,2,,LILYANNA,1
RHYLIE,1,,LINA,2
RHYS,174,,LINDA,4
RHYS-ALEXANDER,1,,LINDSAY,2
RHYS-JAMES,1,,LINDSAY-ANN,1
RIAN,8,,LINDSEY,1
RICCARDO,1,,LINSAY,1
RICHARD,14,,LINZI,3
RICHARDS,1,,LIRAEL,1
RICHIE,4,,LISA,18
RICKY,3,,LISA-MARIE,1
RICO,2,,LISAMARIE,2
RIDWAN,1,,LIV,2
RIELLY,1,,LIVI,1
RILEIGH,1,,LIVIA,3
RILEY,109,,LIVVY,2
RINGAUDAS,1,,LIY-LIY,1
RINGO,1,,LIYA,1
RIO,23,,LIYANA,2
RIO-CRUZ,1,,LIYANAGE,1
RIORDAIN,1,,LIZA-MARIE,1
RIORDAN,1,,LIZZIE,1
RISHAN,1,,LOGANN,1
RISHI,1,,LOIS,29
RITCHIE,1,,LOJAIN,1
RIVER,2,,LOLA,46
RIZWAN,2,,LOLA'ROSE,1
ROAAF,1,,LOLLIE,1
ROAN,6,,LONDON,1
ROARY,1,,LONI,1
ROB,1,,LORCA,1
ROBAIDH,1,,LOREENA,1
ROBB,1,,LORELAI,2
ROBBI,1,,LORELEI,1
ROBBIE,91,,LOREN,1
ROBBIE-JAMES,1,,LORI,14
ROBBY,1,,LORIN,2
ROBERT,127,,LORNA,4
ROBERTO,1,,LORRIANN,1
ROBERTS,1,,LOTTA,1
ROBIN,9,,LOTTIE,4
ROBSON,2,,LOTTY,1
ROBY,1,,LOUISA,22
ROCCO,16,,LOUISE,46
ROCH,1,,LOUISEANN,1
ROCKY,1,,LOUIZA,1
RODDY,10,,LOULA,1
RODERICK,6,,LOWRI,1
RODI,1,,LUANA,2
RODY,1,,LUCA,1
ROE,1,,LUCAH,1
ROGAN,2,,LUCEA,1
ROHAN,14,,LUCI,2
ROKAS,1,,LUCIA,28
ROMACH,1,,LUCIA-NOELIA,1
ROMAN,12,,LUCIANA,1
ROMANN,1,,LUCIE,50
ROMAREO,1,,LUCIE-JO,1
ROME,1,,LUCIE-LUISE,1
ROMEO,1,,LUCIENNE,2
RONALD,4,,LUCILLE,1
RONAN,14,,LUCINDA,4
RONEY,1,,LUCY,406
RONIN,2,,LUCY-ANNE,1
RONNEY,1,,LUCY-JO,1
RONNIE,8,,LUCY-JORDAN,1
ROOHAN,1,,LUCY-LEE,1
ROREY,1,,LUCY-MAE,1
RORY,160,,LUCY-MAI,1
ROSHAN,1,,LUCYANA,1
ROSS,165,,LUELLA,1
ROUBEN,1,,LUISA,6
ROUX,1,,LUIZA,1
ROWAN,20,,LULA,1
ROY,2,,LULU,2
RUADHRI,1,,LULWAH,1
RUAIDHRI,3,,LUNA,2
RUAIRAIDH,1,,LUNDY,1
RUAIRI,13,,LUO,1
RUAIRIDH,32,,LUPITA,1
RUARAIDH,14,,LYDIA,11
RUARI,10,,LYKEISHA,1
RUARIDH,43,,LYLA,20
RUARIE,1,,LYLE,1
RUARY,2,,LYLIA-EVE,1
RUBEN,17,,LYNDIN,1
RUBIN,1,,LYNDSAY,1
RUDI,13,,LYNN,1
RUDIE,2,,LYNSEY,3
RUDY,7,,LYNZI,1
RUEBEN,3,,LYONNIE,1
RUI,3,,LYRA,5
RUIRAIDH,1,,MAAHNOOR,1
RUNE,1,,MAAME,1
RUOHAI,1,,MABEL,2
RURI,1,,MACAELLA,1
RUSS,1,,MACEY,18
RUSSELL,7,,MACI,7
RUSTAM,1,,MACI-SUE,1
RUTHVEN,1,,MACIE,6
RUUDI,1,,MACKENNA,1
RUVEN,1,,MACKENZIE,10
RYAHN,1,,MACKENZII,1
RYAN,355,,MACY,27
RYANN,1,,MACY-GRACE,1
RYDEN,1,,MACY-JO,1
RYE,1,,MADALEINE,2
RYLAEY,1,,MADDI,1
RYLAN,3,,MADDIE,2
RYLEE,5,,MADDISON,43
RYLEY,10,,MADDISYN,1
RYLIE,5,,MADDY,1
SAADIQ,1,,MADELEINE,15
SAALIH,1,,MADELINE,11
SAAMI,2,,MADELYN,1
SABEH,1,,MADISON,101
SABERY,1,,MADISON-KATE,1
SABOOR,1,,MADISON-LEIGH,1
SACHIN,2,,MADISSON,1
SACHJEEVAN,1,,MADISYN,2
SACSON,1,,MADLEINE,1
SADEER,1,,MADYSON,1
SAFEE-ULLAH,1,,MADYSON-ANNE,1
SAFYAN,1,,MADYSYN,1
SAGNIK,1,,MAE,5
SAHAJ,1,,MAELLA,1
SAHAN,1,,MAELYS,1
SAHEL,1,,MAEVA,1
SAHIL,1,,MAEVE,10
SAI,1,,MAGDA,1
SAIF,4,,MAGDALENA,4
SAIF-ULLAH,1,,MAGGIE,11
SAIFAN,1,,MAH,1
SAIFUDEEN,1,,MAHA,3
SAIM,1,,MAHAM,2
SAIMANAS,1,,MAHATHI,1
SAIMONS,1,,MAHATHY,1
SAJID,1,,MAHE,1
SAJJAD,1,,MAHEEN,3
SALAAR,1,,MAHI,2
SALIMSHAABAN,1,,MAHIN,1
SALMAN,1,,MAHNOOR,1
SAM,141,,MAHRI,1
SAMAN,1,,MAIA,27
SAMARTH,1,,MAICEY,1
SAMBA,1,,MAICY,1
SAMEER,1,,MAILI,1
SAMI,4,,MAIMOUNA,1
SAMIR,1,,MAIMUNA,1
SAMIRAS,1,,MAINA,1
SAMMY,2,,MAIRA,2
SAMRIDH,1,,MAIREAD,3
SAMSON,1,,MAIRI,13
SAMUAL,1,,MAIRIN,3
SAMUEL,170,,MAISA,1
SAMUEL-ALEXANDER,1,,MAISEY,2
SAMUELE,1,,MAISI,1
SAMY,2,,MAISIE,84
SANAAN,1,,MAISIE-JANE,1
SANDY,11,,MAISOON,1
SANJOT,1,,MAISSIE,1
SANTIAGO,2,,MAISY,10
SARUNAS,1,,MAIYA,3
SASHENDRA,1,,MAIYAH,1
SATHYANARAYANAN,1,,MAIZIE,1
SAUL,14,,MAIZY,1
SAWLIH,1,,MAJA,45
SAWYER,2,,MAJKA,2
SCOT,1,,MAKADI,1
SCOTT,149,,MAKAILA,1
SEAMUS,4,,MAKALE,1
SEAN,114,,MAKARAMA,1
SEAN-MICHAEL,1,,MAKAYLA,3
SEAN-MITCHELL,1,,MAKOMBORERO,1
SEANCOLE,1,,MALAIKA,2
SEANN,1,,MALAIKAH,1
SEBASTIAAN,1,,MALAK,3
SEBASTIAN,28,,MALAKIA,1
SEBASTIEN,2,,MALAVIKA,1
SEELEY,1,,MALAYA,1
SEF,1,,MALEEHA,1
SEMISI,1,,MALEIA,1
SEONAIDH,3,,MALEY,1
SEORAS,2,,MALGORZATA,1
SERAFIN,1,,MALI,1
SETH,18,,MALIA,1
SEUMAS,2,,MALIHA,1
SEWERYN,1,,MALIHAH,1
SEYIDO,1,,MALIKA,3
SHABAHAT,1,,MALIN,2
SHAE,1,,MALINA,1
SHAFAAN,1,,MALISSA,1
SHAHIN,1,,MALK,1
SHAHMEER,1,,MALLIE,1
SHAHMIR,1,,MALLY,1
SHAHO,1,,MALVINA,1
SHAHZAIB,2,,MALWINA,1
SHAHZEB,2,,MALYSHA,1
SHAI,1,,MAN,1
SHAKIR,1,,MANAAL,1
SHAKUR,1,,MANAHIAL,1
SHAN,1,,MANDA,1
SHANE,15,,MANDY,1
SHANGFEI,1,,MANHA,2
SHANJAI,1,,MANROOP,1
SHARIF,1,,MAOMINA,1
SHASHANK,1,,MARA,6
SHAUN,48,,MARCAIL,1
SHAUN-DYLAN,1,,MARCELINA,2
SHAW,2,,MARCELLA,1
SHAWN,2,,MARCIA,1
SHAY,40,,MARCIE,3
SHAYAAN,5,,MARCY,2
SHAYAN,3,,MAREE,2
SHAYNA,1,,MARESIA,1
SHAYNE,4,,MARGARET,7
SHEA,4,,MARGARETA,1
SHEIKH,1,,MARGHERITA,1
SHELTON,1,,MARI,1
SHERIFFDEEN,1,,MARIA,50
SHERWIN,1,,MARIA-CLAIRE,1
SHIGERU,1,,MARIA-KERRY,1
SHIJIE,1,,MARIA-LOUISE,1
SHILOH,2,,MARIAH,3
SHIMON,1,,MARIAM,5
SHIVEN,1,,MARIANNE,3
SHIVRAJ,1,,MARIANNE-ROSE,1
SHKAR,1,,MARICLARE,1
SHLOKE,1,,MARIE,6
SHOTA,1,,MARIE-CLAIRE,1
SHRAVAN,1,,MARIE-LOUISE,1
SHREYAS,1,,MARIEKE,1
SHUNJI,1,,MARIELLA,3
SHUNSUKE,1,,MARIESSA,1
SHURAHBEEL,1,,MARIETTE,1
SI,1,,MARIKA,2
SIGURD,1,,MARINA,5
SIKAI,1,,MARION,1
SIKANDER,1,,MARISA,5
SILAS,1,,MARISKA,1
SIMAO,1,,MARISSA,10
SIMON,16,,MARISSA-LEIGH,1
SIMONAS,1,,MARITA,1
SION,2,,MARIYA,2
SIRAJEDDINE,1,,MARIYAH,2
SIRELI,1,,MARIYAM,1
SIYABULELA,1,,MARJOLEIN,1
SKANDER,1,,MARLAY,1
SKENE,1,,MARLEIGH,1
SKYLAR,1,,MARLEY,16
SKYLER,1,,MARLIE,3
SMITHY,1,,MARLY,2
SOHAIB,1,,MARNI,1
SOHRAB,1,,MARNIE,5
SOL,14,,MARTA,6
SOLAMH,1,,MARTEL,1
SOLOMAN,1,,MARTHA,38
SOLOMON,4,,MARTHA-ANN,1
SOMHAIRLE,2,,MARTINA,1
SONAI,1,,MARTINE,1
SONNI,1,,MARTYNA,9
SONNY,38,,MARWA,2
SOORAJ,1,,MARWAH,1
SOREN,2,,MARY,11
SOREN-HUDSON,1,,MARY-ELLEN,1
SORLEY,1,,MARY-KATE,1
SORREN,1,,MARY-RITA,1
SOTA,1,,MARYAM,10
SOUL,1,,MARYANN,1
SPENCE,1,,MARYANNE,2
SPENCER,12,,MARYLEE,1
STAN,1,,MASEN,1
STANISLAS,1,,MASTI,1
STANISLAW,4,,MATAYA,1
STANLEY,7,,MATEEA,1
STEF,1,,MATHILDA,1
STEFAN,1,,MATHILDE,4
STEFFAN,1,,MATILDA,24
STENE,1,,MATILDE,2
STEPHAN,1,,MAURA,3
STEPHEN,57,,MAXI,1
STEVE,3,,MAXINE,1
STEVEN,55,,MAY,7
STEWART,21,,MAY-BELLE,1
STILIAN,1,,MAYA,72
STILIYAN,1,,MAYAH,1
STROAN,1,,MAYDEN,1
STRUAN,51,,MAYMUNA,1
STUART,39,,MAYMUNAH,1
SUBAAN,1,,MAYSOON,1
SUBHAAN,2,,MAZIA,1
SUBHAN,6,,MAZIE,2
SUHAIL,1,,MAZZY,1
SUHAS,1,,MCKAYLA,2
SUJAN,1,,MCKENNA,2
SULAIMAN,1,,MCKENZI,1
SULAYMAN,3,,MCKENZIE,10
SULEMAN,3,,MEA,1
SULLIVAN,2,,MEADOW,6
SUNAN,1,,MEAGAN,2
SUNIA,1,,MEAGHAN,1
SUNNIE,2,,MEAH,1
SUNNY,4,,MECHELE,1
SUPREME,1,,MEEA,1
SURUDHISHAGGARA,1,,MEENA,1
SWEETIE,1,,MEENAKSHI,1
SYDNEY,1,,MEEYAH,1
SYE,1,,MEG,1
SYED,9,,MEGAN,208
SYLVAN,1,,MEGGAN,1
SYLVESTER,1,,MEGHA,1
SYLWESTER,1,,MEGHAN,14
SZON,1,,MEGHANN,1
SZYMON,10,,MEHER,1
T,1,,MEHERUNISA,1
T-JAY,2,,MEHREEN,2
TADHG,1,,MEI,1
TAESAN,1,,MELANIE,7
TAHA,1,,MELANIE-JANE,1
TAHER,1,,MELEK,3
TAHIR,1,,MELINA,2
TAIO,2,,MELISA,4
TAIT,1,,MELISSA,60
TAIWO,1,,MELLISA,1
TAJUS,1,,MELODIE,1
TALHA,3,,MELODY,7
TALOR,1,,MELYSSA,1
TALVIN,1,,MEMPHIS,1
TAM,1,,MENA,1
TAMAS,1,,MENG,1
TANEEM,1,,MENGJIE,1
TANMAY,1,,MERAL,1
TANZIL,1,,MERCEDES,2
TARAN,2,,MERCY,3
TARAYN,1,,MEREDITH,4
TARKAN,1,,MEREECIA,1
TARUN,1,,MERLA,1
TARUNJOT,1,,MERLE,1
TATE,1,,MERRAN,1
TATSUKICHI,1,,MERRIN,1
TAVIS,1,,MERRYN,2
TAVISH,1,,MERYEM,1
TAY,1,,MERYN,1
TAYEF,1,,MESHAH,1
TAYEL,1,,MEYA,1
TAYLAN,2,,MHAIRI,16
TAYLAR,1,,MHARI,1
TAYLER,1,,MHARI-CLARE,1
TAYLOR,69,,MHIA,1
TAYLOR-JAMES,2,,MHIRAN,1
TAYLOR-JOHN,2,,MHIRREN,3
TAYM-ALLAH,1,,MHORA,1
TAYO,1,,MHURRIN,1
TAYYAB,2,,MIA,220
TAYYEB,1,,MIA-LILLY,1
TAYYIB,1,,MIA-LOUISE,1
TCHARLIE,1,,MIA-LYN,1
TEAGAN,3,,MIAH,6
TED,1,,MIAH-LYNN,1
TEDDY,2,,MICAELA,1
TEEGAN,1,,MICHA,1
TEEJAY,5,,MICHAELA,11
TEGHNA,1,,MICHAELLA,1
TEIGAN,1,,MICHALINA,3
TEILO,1,,MICHEALA,1
TEJAS,1,,MICHELLE,16
TEJVEER,1,,MIJIN,1
TEKOA,1,,MIKA,2
TELFORD,1,,MIKAELA,1
TEMILOLUWA,1,,MIKAYLA,1
TEMITAYO,1,,MIKENNA,1
TEO,2,,MIKENZIE,1
TERENCE,1,,MILA,5
TERRENCE,1,,MILAH,1
TERRY,5,,MILANA,2
TEVIN,1,,MILAYNAH,1
TEVITA,1,,MILEENA,1
THABO,1,,MILENA,6
THADDEUS,1,,MILEY,50
THAI,1,,MILEY-JAI,1
THAILER,2,,MILISSA,1
THATO,1,,MILLA,4
THEO,39,,MILLEN,1
THEODOR,1,,MILLI,5
THEODORE,8,,MILLICENT,5
THEOFILOS,1,,MILLIE,210
THEOPHILUS,1,,MILLIE-ANNE,1
THIAGO,1,,MILLIE-B,1
THIEMO,1,,MILLIE-JANE,1
THOM,2,,MILLIE-KATE,1
THOMAS,266,,MILLIE-LOUISE,1
THOMAS-JACK,1,,MILLISAN,1
THOMAS-JAMES,2,,MILLY,34
THOMAS-JORDAN,1,,MILLY-LOUISE,1
THOMAS-JUNIOR,1,,MIMI,3
THOMAS-LEE,1,,MINERVA,1
THOR,1,,MINNA,1
THORFINN,5,,MINNIE,2
THORSSON,1,,MIO,1
TIAGO,1,,MIRA,2
TIAN,1,,MIRAN,1
TIBERIUS,1,,MIRANDA,1
TILMAN,1,,MIREN,4
TIM,3,,MIRIAM,8
TIMON,1,,MIRIN,8
TIMOTHY,3,,MIRRA,1
TIMUR,1,,MIRRAN,3
TINASHE,2,,MIRRE,1
TINEYI,1,,MIRREN,44
TINO,1,,MIRRIN,12
TIORAM,1,,MIRRYN,3
TITAS,1,,MISCHA,3
TITUS,1,,MISCHA-LOUISE,1
TJ,1,,MISHA,3
TJAY,1,,MISHAL,1
TOBECHUKWU,1,,MISIA,1
TOBENNA,1,,MISSY,4
TOBEY,1,,MISTY,1
TOBIAS,5,,MITHRA,1
TOBY,34,,MITZI,1
TOCHI,1,,MIU,1
TOCHUKWU,1,,MIYA,11
TODD,4,,MIYA-LEIGH,1
TOIVO,1,,MIYAH,2
TOLA,1,,MOJISOLA,1
TOLUWALASE,1,,MOLLI,1
TOM,27,,MOLLI-ROSE,1
TOMAS,9,,MOLLIE,33
TOMASZ,6,,MOLLIE-ANNE,1
TOMI,1,,MOLLIE-ROSE,1
TOMMY,8,,MOLLY,135
TOMMY-JAMES,1,,MOLLY-JANE,1
TOMO,1,,MOLLY-LEA,1
TONY,6,,MOLLY-ROSE,1
TOOCHI,1,,MONICA,6
TOR,2,,MONIKA,1
TOREN,1,,MONIQUE,1
TORIN,6,,MOONZARIN,1
TORRAN,1,,MOQADIS,1
TORRIN,2,,MORA,1
TORU,1,,MORAYO,1
TORY,1,,MORGAN,90
TRAVIS,13,,MORGAN-HOPE,1
TRENT,2,,MORGANE,2
TRESOR,1,,MORGANNA,1
TREVOR,2,,MORNA,1
TRISTAN,23,,MORVEN,22
TRISTEN,2,,MORVEN-HALLE,1
TRISTIAN,2,,MORYN,2
TROY,6,,MOULKA,1
TURKI,1,,MOUNA,1
TY,6,,MOYA,3
TYLER,165,,MOYOSOREOLUWA,1
TYLER-JAMES,1,,MUFAROWASHE,1
TYLER-JAY,1,,MUKADDES,1
TYLER-LEE,2,,MULAIKA,1
TYLOR,2,,MUNA,1
TYMON,2,,MUNEERA,1
TYMOTEUSZ,3,,MUQADAAS,1
TYREE,1,,MURINA,1
TYRESE,2,,MURRAN,2
TYRO,1,,MURREN,5
TYRONE,3,,MURRIN,7
TZE,1,,MURRON,14
UBAID,1,,MURRYN,3
UCHECHUKWU,1,,MURWAH,1
UDOCHUKWU,1,,MUSFIRAH,1
UGNIUS,1,,MUSKAAN,1
UISDEAN,1,,MWAPE,1
UMAIR,1,,MYA,88
UMAR,2,,MYA-ROSE,1
UMER,1,,MYAH,6
UMUT,1,,MYAH-ROSE,1
UNASHE,1,,MYESHA,1
UNODIWANASHE,1,,MYHA,1
USHER,1,,MYHRREN,1
USMAN,3,,MYLA,9
UTSAV,1,,MYLAH,2
UZAIR,1,,MYLEA,1
UZAYR-MUHAMMED,1,,MYLEE,4
UZMAN,1,,MYLEENE,2
VAKARIS,1,,MYLEIGH,2
VALENTINO,3,,MYLEY,7
VALTER,1,,MYLHANA,1
VAN,1,,MYLIE,12
VEDANT,1,,MYNIESKYE,1
VERRALL,1,,MYRN,1
VIBHAV,1,,MYRNA,2
VICTOR,10,,MYRTLE,1
VICTORY,1,,NAA,1
VIDATH,1,,NABEEHA,1
VIGHNESH,1,,NABIHA,1
VIKTOR,1,,NADA,3
VINCE,1,,NADENE,1
VINCENT,15,,NADEZHDA,1
VINCENZO,2,,NADIA,15
VINNIE,2,,NADILA,1
VIRAN,1,,NADINE,4
VIREN,1,,NADJA,1
VIRESH,1,,NAGIA,1
VIRINAO,1,,NAHLA,1
VISHWAK,1,,NAIOMI,2
VIVEK,2,,NAIYA,1
VLADUT,1,,NAJMAH,1
WADOOD'LLAH,1,,NAKAI,1
WALKER,1,,NAKISHA,1
WALTER,3,,NALARDY,1
WARO,1,,NAMIRA,1
WARREN,15,,NANA,1
WARRICK,2,,NANCI,1
WARSAMA,1,,NANCY,3
WASSAY,1,,NANLOP,1
WAYNE,3,,NAOISE,1
WEI,2,,NAOMH,1
WEN,1,,NAOMI,38
WENBING,1,,NAOMI-JANE,1
WENJUN,1,,NARA,1
WESLEY,2,,NARJESS,1
WIKTOR,17,,NATALIA,22
WIL,1,,NATALIE,35
WILFRED,1,,NATALIYA,2
WILL,10,,NATASHA,36
WILLIAM,201,,NATASHA-LEIGH,1
WILLIS,1,,NATASZA,1
WILLOW,1,,NATHANIA,1
WILMER,1,,NAVJOT,1
WILSON,2,,NAZ,2
WINSTON,2,,NAZLI,1
WISDOM,1,,NEAH,1
WOJCIECH,3,,NEAVA,1
WONDERFUL,1,,NEAVE,9
WOODROW,1,,NEDA,1
WOODY,4,,NEERA,1
WYATT,1,,NEHA,2
XANDAR,1,,NEIVE,17
XANDER,20,,NELA,1
XAVIAN,1,,NELL,3
XAVIAR,1,,NEMI,1
XAVIER,10,,NETHUKI,1
XAVIOR,1,,NEVA,2
XENO,1,,NEVAEH,6
XI,1,,NEVE,56
XIAOKAI,1,,NEVEAH,1
YACINE,1,,NEVIAH,1
YADAV,1,,NEWLYN,1
YAHIA,1,,NGADI,1
YAIR,1,,NIA,6
YAMIKANI,1,,NIAH,4
YAMIN,1,,NIAMDH,1
YANBO,1,,NIAMH,191
YANIS,3,,NICHAELA,1
YANNICK,1,,NICHOLA,1
YAQUB,1,,NICKOLA,1
YASEEN,4,,NICO,2
YASER,1,,NICOLA,29
YASHER,1,,NICOLE,90
YASIM,1,,NICOLETTE,1
YASIN,1,,NICOLLA,1
YASSAR,1,,NICOLLE,1
YASSIN,1,,NIEVE,34
YEONG,1,,NIKA,2
YI,1,,NIKITA,4
YICHEN,1,,NIKITHASRI,1
YIMING,1,,NIKKITA,2
YING,1,,NIKOAL,1
YIWEI,1,,NIKOLA,13
YOEL,2,,NIKOLAYA,1
YOHANE,1,,NIKY,1
YOSUF,1,,NIMAL,1
YOUN,1,,NIMARTA,1
YOUNIS,1,,NIMRA,1
YOUSAF,1,,NIMRIT,1
YOUSEF,5,,NINA,26
YOUSUF,2,,NIOMI,5
YRJO,1,,NIOMI-JEAN,1
YTHAN,2,,NIOMIE,1
YU,5,,NISHA,1
YUE,1,,NISSMA,1
YUHAO,1,,NITHUSHIKA,1
YUMING,1,,NITYA,1
YUSIF,1,,NIYAH,1
YUSUF,8,,NOA,4
YUVRAJ,2,,NOAMI,1
ZAC,58,,NOELLE,1
ZACH,19,,NOLA,2
ZACHARIAH,4,,NOLAH,1
ZACHARRY,1,,NONHLANHLA,1
ZACHARY,30,,NONKOSI,1
ZACHERY,1,,NOOR,5
ZACK,32,,NOOREYN,1
ZACKARIYA,1,,NORA,1
ZACKARY,1,,NORAH,1
ZAHID,1,,NOREEN,1
ZAHIL,1,,NOURA,1
ZAID,2,,NOVA,1
ZAIN,16,,NOWELLA,1
ZAINUDDIN,1,,NOZIPHO,1
ZAINUL,1,,NUALA,2
ZAK,67,,NUMAA,1
ZAKAR,1,,NUR,1
ZAKARAYA,1,,NURALYA,1
ZAKARI,2,,NURQISTINA,1
ZAKARIYA,2,,NYAH,6
ZAKARIYAH,1,,NYAKTJUT,1
ZAKARIYE,1,,NYASHA,1
ZAKARIYYA,1,,NYLA,3
ZAKARY,1,,NYLAH,2
ZAKI,1,,NYOMI,1
ZAKIR,3,,NYREE,3
ZAKK,3,,NYTALYA,1
ZANDAR,1,,OCEAN,3
ZANDER,23,,OCEAN-LEE,1
ZANE,9,,OCTAVIA,2
ZARRAR,1,,ODILE,1
ZAYAN,1,,OGECHI,1
ZAYD,1,,OGHENETEGA,1
ZAYDEN,1,,OGHENEYOMA,1
ZAYN,1,,OHARA,1
ZAYNE,1,,OISHEE,1
ZAYYAN,1,,OKOIZA,1
ZE,1,,OLA,5
ZEBASTIAN,1,,OLIMPIA,1
ZED,1,,OLIVE,9
ZEESHAN,1,,OLIVIA,443
ZENDAN,1,,OLIVIA-MAE,1
ZEON,1,,OLIVIA-ROSE,1
ZEPHYR,1,,OLIWIA,17
ZEYAAN,1,,OLOLADE,1
ZHEN,1,,OLUDARASIMI,1
ZHENXI,1,,OLUFIFUNMI,1
ZHI,1,,OLUKEMI,1
ZHUO,1,,OLUWADAMILOLA,2
ZI,1,,OLUWADAMMILOLA,1
ZIA,1,,OLUWADARA,1
ZIAD,1,,OLUWAFIOYINSOLAMI,1
ZIKORAEBUBENNA,1,,OLUWATAMILORE,1
ZIKORANACHIMDI,1,,OLUWATISE,1
ZINACHIDI,1,,OLUWATOFUNMI,1
ZINACHIDINDU,1,,OLUWATOMISIN,1
ZION,2,,OLUWATONI,1
ZOHAIB,1,,OLUWATOSIN,1
ZUHAYR,1,,OLUWATOYIN,1
ZWELIHLE,1,,OLUWAYIGAMIKA,1
ZYGIMANTAS,1,,OLWEN,1
,,,OMASAN,1
,,,OMIMA,1
,,,ONA,1
,,,ONESSA,1
,,,OONA,2
,,,OONAGH,1
,,,OPAL,1
,,,ORAN,1
,,,ORIANA,2
,,,ORIETTA,1
,,,ORIN,1
,,,ORITSEWEYINMI,1
,,,ORLA,75
,,,ORLAGH,12
,,,ORLAIGH,2
,,,ORLAITH,24
,,,ORLI,1
,,,ORYN,1
,,,OSARETIN,1
,,,OSLA,1
,,,OTTILLIE,1
,,,OTUMN,1
,,,OYINDOLAPO,1
,,,PADME,1
,,,PAIGE,98
,,,PAIGHTON,2
,,,PAIGNTON,1
,,,PAISLEY,1
,,,PAITYN,3
,,,PAKIZA,1
,,,PALOMA,1
,,,PAMELA,1
,,,PAOLA,1
,,,PARADYSE,1
,,,PARIS,3
,,,PARIS-MONTANA,1
,,,PARISSA,1
,,,PARVEEN,1
,,,PATRICIA,4
,,,PATRICIJA,1
,,,PATRYCJA,10
,,,PATSY,1
,,,PAULA,1
,,,PAULINA,9
,,,PAULINE,2
,,,PAYTON,26
,,,PEACE,1
,,,PEARL,3
,,,PEGGY,1
,,,PEI,2
,,,PENDO,1
,,,PENELOPE,7
,,,PENIEL,1
,,,PENINA,1
,,,PENNY,9
,,,PEYTON,26
,,,PEYTON-MARIE,1
,,,PEYTON-MAY,1
,,,PHAIMIE,1
,,,PHEOBE,2
,,,PHEONA,1
,,,PHIANNA,1
,,,PHILIPPA,2
,,,PHINN,1
,,,PHOEBE,49
,,,PHOEBE-ROSE,1
,,,PHOENIX,2
,,,PHOENIX-ROSE,1
,,,PIA,1
,,,PILIRANI,1
,,,PIPER,7
,,,PIPPA,3
,,,PIREH,1
,,,PIROZ,1
,,,PIXIE,2
,,,PLAMENA,1
,,,POLA,2
,,,POLLY,4
,,,POOJA,1
,,,POPI,1
,,,POPPI,1
,,,POPPI-MAE,1
,,,POPPIE,1
,,,POPPY,81
,,,POPPY-GRACE,1
,,,POPPYLEE,1
,,,PRABHDEEP,1
,,,PRAJNA,1
,,,PRANAVI,1
,,,PRAPTI,1
,,,PRASHASYA,1
,,,PRATHA,1
,,,PRECIOUS,1
,,,PREFINA,1
,,,PRINCESS,2
,,,PRINCY,1
,,,PRISCILLA,2
,,,PRISEIS,1
,,,PRISHA,1
,,,PRIYA,5
,,,PRUDENCE,1
,,,PRUNELLA,1
,,,PURDIE,1
,,,QI,1
,,,QIANA,1
,,,QIANNA,1
,,,QING,2
,,,QU,1
,,,QUDSIYAH,1
,,,QUEENSLIE,1
,,,QUINN,1
,,,RABEKA,1
,,,RACHAEL,43
,,,RACHEL,119
,,,RACHEL-LEE,1
,,,RAE,4
,,,RAEESA,1
,,,RAEGAN,3
,,,RAENA,1
,,,RAFI,1
,,,RAGHED,1
,,,RAHABA,1
,,,RAHAF,3
,,,RAHEEN,1
,,,RAHMA,1
,,,RAHMMA,1
,,,RAIMA,1
,,,RAIN,1
,,,RAINA,1
,,,RAINE,3
,,,RAINEY,1
,,,RAJANI,1
,,,RAKHI,1
,,,RAMEESHA,1
,,,RAMORNIE-ROSE,1
,,,RAMSHA,1
,,,RANA,3
,,,RANIA,2
,,,RANYA,1
,,,RAPHAELA,1
,,,RAPHAELLA,1
,,,RAPHAELLE,1
,,,RAUDIAT,1
,,,RAVNEET,1
,,,RAYA,1
,,,RAYAN,1
,,,RAYE,1
,,,RAYNA,2
,,,REAGAN,5
,,,REAMASS,1
,,,REANNA,2
,,,REBECCA,163
,,,REBEKA,1
,,,REBEKAH,16
,,,REEANNA,1
,,,REECE,1
,,,REEM,1
,,,REEMA,1
,,,REENA,1
,,,REESE,5
,,,REFAN,1
,,,REGAN,4
,,,REHMA,1
,,,REI,1
,,,REIGHAN,1
,,,REIGHGAN,1
,,,REILLY,2
,,,REMI,2
,,,REMI-LILA,1
,,,REMMY,1
,,,REMY,1
,,,RENEE,7
,,,RENESME,1
,,,RETAJ,1
,,,REVA,1
,,,REYA,1
,,,REYHANA,1
,,,REYNA,1
,,,RHANNA,1
,,,RHEA,11
,,,RHEA-MARIE,1
,,,RHEA-NICOLE,1
,,,RHEANNA,1
,,,RHIA,2
,,,RHIAHROY,1
,,,RHIAN,8
,,,RHIANA,1
,,,RHIANN,1
,,,RHIANNA,17
,,,RHIANNA-SOPHIE,1
,,,RHIANNAN,4
,,,RHIANNE,3
,,,RHIANNON,15
,,,RHICA,1
,,,RHONA,6
,,,RHONWEN,1
,,,RHYLEE,1
,,,RHYONA,1
,,,RIA,11
,,,RIANNA,2
,,,RICO,1
,,,RIDA,3
,,,RIDIMA,1
,,,RIHANIIN,1
,,,RIHANNA,10
,,,RIKKI-LEIGH,1
,,,RILEIGH,2
,,,RILEY,10
,,,RIMSHAH,1
,,,RIO,3
,,,RIONA,1
,,,RISHA,1
,,,RITA,2
,,,RITHIKA,1
,,,RIVER,2
,,,RIYA,1
,,,ROAG,1
,,,ROBERTA-JANE,1
,,,ROBIN,2
,,,ROBYN,60
,,,ROCHELLE,1
,,,ROCIO,1
,,,ROHA,1
,,,ROISIN,12
,,,ROJAN,1
,,,ROKSANA,3
,,,ROMA,5
,,,ROMANY,1
,,,ROMAY,1
,,,ROMEY,1
,,,ROMI,2
,,,ROMILLY,2
,,,ROMILY,1
,,,ROMY,4
,,,RONA,4
,,,RONI,2
,,,RONJA,1
,,,RONNIE,1
,,,ROOPRAJ,1
,,,RORI,1
,,,ROSA,15
,,,ROSABELLA,1
,,,ROSALEIGH,1
,,,ROSALIND,2
,,,ROSALYN,2
,,,ROSANAGH,1
,,,ROSANNA,2
,,,ROSE,39
,,,ROSEANNE,1
,,,ROSELINE,1
,,,ROSELYN,1
,,,ROSEMARIE,1
,,,ROSEMARIYA,1
,,,ROSEMARY,6
,,,ROSETTA,1
,,,ROSHANNE,1
,,,ROSHANY-ZAHRA,1
,,,ROSHNI,1
,,,ROSIE,71
,,,ROSIN,1
,,,ROSLYN,1
,,,ROSLYNN,1
,,,ROSSI,1
,,,ROSY,2
,,,ROWAN,47
,,,ROWEN,1
,,,ROXAE,1
,,,ROXANA,4
,,,ROXANN,1
,,,ROXANNE,14
,,,ROXIE,1
,,,ROXXI,2
,,,ROXY,9
,,,ROZA,1
,,,RUBBI,1
,,,RUBI,3
,,,RUBY,196
,,,RUBY-ANNE,1
,,,RUBY-EMIKO,1
,,,RUBY-LEE,1
,,,RUBY-MAE,1
,,,RUCHA,1
,,,RUDI,1
,,,RUHANI,1
,,,RUI,1
,,,RUI-KUAN,1
,,,RUMAISA,1
,,,RUMAITHAH,1
,,,RUMAYSA,1
,,,RUMESA,1
,,,RUQAIYYAH,1
,,,RUQAYA,1
,,,RUQIYYAH,1
,,,RUQQIYA,1
,,,RUTENDO,1
,,,RUTH,16
,,,RUVARASHE,1
,,,RYAH,1
,,,RYHA-DEE,1
,,,RYLEA,1
,,,RYLEE,4
,,,RYLEE-MAE,1
,,,RYLEIGH,1
,,,RYLEY,1
,,,RYLI,1
,,,RYLIE,1
,,,SAACHA,1
,,,SAACHI,1
,,,SAADIA,2
,,,SAARA,1
,,,SABEEN,1
,,,SABINA,2
,,,SABRIELLE,1
,,,SABRINA,4
,,,SACHA,2
,,,SADIA,2
,,,SADIE,17
,,,SAFA,9
,,,SAFAA,1
,,,SAFEENA,1
,,,SAFEIA,1
,,,SAFFA,1
,,,SAFFRON,2
,,,SAFIA,2
,,,SAFIYA,1
,,,SAFIYYAH,1
,,,SAGE,1
,,,SAHAR,1
,,,SAHARA,3
,,,SAHRA,2
,,,SAIMA,2
,,,SAIRA,3
,,,SAIRAH,2
,,,SAIRSHA,1
,,,SAIYON,1
,,,SAJAL,1
,,,SAKEENA,1
,,,SAKINA,2
,,,SAKITHYAA,1
,,,SAKURA,1
,,,SALIHAH,2
,,,SALLY,7
,,,SALMA,5
,,,SALOTE,1
,,,SALSABIL,1
,,,SALUME,1
,,,SAM,4
,,,SAMA,1
,,,SAMANTA,2
,,,SAMANTHA,40
,,,SAMANTHI,1
,,,SAMARA,2
,,,SAMARAH,1
,,,SAMEHA,1
,,,SAMI,1
,,,SAMIA,6
,,,SAMIHA,1
,,,SAMIRA,1
,,,SAMIYAH,1
,,,SAMMI,1
,,,SAMMIE,1
,,,SAMMY-LEE,1
,,,SAMRAH,1
,,,SAMSAM,1
,,,SANA,4
,,,SANAM,1
,,,SANDEE,1
,,,SANDI,3
,,,SANDIE,1
,,,SANDRA,5
,,,SANGO-ALEXA,1
,,,SANIA,1
,,,SANIYA,1
,,,SANIYAH,1
,,,SANNA,2
,,,SANVI,2
,,,SANYA,1
,,,SAOIRSE,5
,,,SAPPHIRE,2
,,,SARA,45
,,,SARA-EVE,1
,,,SARA-JANE,1
,,,SARAH,174
,,,SARAH-ANNE,1
,,,SARAH-JANE,2
,,,SARAH-LEE,1
,,,SARAH-LOU,1
,,,SARAH-LOUISE,1
,,,SARAHJANE,1
,,,SARAI,1
,,,SARAN,1
,,,SARANNA,1
,,,SARAYA,1
,,,SARIKA,1
,,,SARILA,1
,,,SARITA,1
,,,SARRA,1
,,,SARVEEN,1
,,,SASHA,23
,,,SASKIA,2
,,,SATINE,1
,,,SATNAM,1
,,,SAVAHANNA,1
,,,SAVANAH,1
,,,SAVANNA,2
,,,SAVANNA-LEIGH,1
,,,SAVANNAH,14
,,,SAVANNAH-LOUISE,1
,,,SAYOMI,1
,,,SCARLET,8
,,,SCARLETT,42
,,,SCARLLETT,1
,,,SCOUT,2
,,,SEFFI,1
,,,SEHER,2
,,,SEHRI,1
,,,SELENA,2
,,,SELENE,1
,,,SELINA,4
,,,SELMA,1
,,,SENDIJA,1
,,,SENO,1
,,,SEONA,3
,,,SEONAG,1
,,,SEONAID,1
,,,SERAFINA,1
,,,SERAH,1
,,,SERAPHINA,1
,,,SEREEN,2
,,,SEREENA,1
,,,SEREN,12
,,,SERENA,5
,,,SERIN,1
,,,SHADLEAH,1
,,,SHAE,2
,,,SHAELYNN,1
,,,SHAENAH,1
,,,SHAFA,1
,,,SHAHD,1
,,,SHAHED,1
,,,SHAHITYA,1
,,,SHAHRAIN,1
,,,SHAI,1
,,,SHAILA,2
,,,SHAILAH,1
,,,SHAIMAA,1
,,,SHAINA,1
,,,SHALEISE,1
,,,SHALINN,1
,,,SHALLON,1
,,,SHAN,1
,,,SHANA,3
,,,SHANAH-LEIGH,1
,,,SHANEAA,1
,,,SHANELLE,1
,,,SHANI,1
,,,SHANIA,4
,,,SHANIAH,1
,,,SHANIECE,1
,,,SHANII,1
,,,SHANIKA,1
,,,SHANISE,1
,,,SHANLEIGH,1
,,,SHANLY,1
,,,SHANNA,4
,,,SHANNAE,1
,,,SHANNON,35
,,,SHANTELLE,1
,,,SHANZAY,2
,,,SHARADA,1
,,,SHARAN,1
,,,SHARICE,1
,,,SHARLA,1
,,,SHARLEIGH,1
,,,SHARLEY,1
,,,SHARMAINE,1
,,,SHARMEEN,1
,,,SHARON,1
,,,SHATHA,1
,,,SHAUGANJIT,1
,,,SHAUNA,1
,,,SHAUNA-FAYE,1
,,,SHAUNALOUISE,1
,,,SHAUNI,1
,,,SHAUNNIE,1
,,,SHAVIN,1
,,,SHAWNAILEE,1
,,,SHAWNIE,1
,,,SHAWNY,1
,,,SHAYA,1
,,,SHAYE,1
,,,SHAYLA,1
,,,SHAYNA,1
,,,SHAYSTA,1
,,,SHAZIA,1
,,,SHEJUTI,1
,,,SHELAGH,1
,,,SHELBI,1
,,,SHELBY,8
,,,SHELBY-RHIANNE,1
,,,SHELLY,1
,,,SHENAI,1
,,,SHENISE,1
,,,SHEREE,1
,,,SHEREEN,1
,,,SHERIDAN,1
,,,SHERYL,1
,,,SHI,3
,,,SHIA,1
,,,SHILO,1
,,,SHILOH,1
,,,SHIRA,1
,,,SHIRLEEN,1
,,,SHIVIKA,1
,,,SHONA,7
,,,SHONA-MAE,1
,,,SHORRIE,1
,,,SHOUNA,1
,,,SHREEYAA,1
,,,SHREYA,1
,,,SHUNA,1
,,,SHYAMI,1
,,,SHYANN,1
,,,SHYE,1
,,,SHYLA,2
,,,SIA,1
,,,SIAN,8
,,,SIANA,2
,,,SIANNA,1
,,,SIARA,1
,,,SIDNEY,1
,,,SIDONIE,1
,,,SIDRAH,1
,,,SIENA,1
,,,SIENNA,52
,,,SILVIA,1
,,,SIMAR,1
,,,SIMARPREET,1
,,,SIMMAL,1
,,,SIMONA,1
,,,SIMONE,5
,,,SIMRAN,2
,,,SIMRANJOT,1
,,,SINEAD,13
,,,SINGHER,1
,,,SIOBHAN,3
,,,SIONA,1
,,,SIRA,1
,,,SIRI,2
,,,SIRIN,1
,,,SISLEY,1
,,,SKANDAJA,1
,,,SKARA,1
,,,SKY,9
,,,SKYE,152
,,,SKYE-MARIE,1
,,,SKYLA,2
,,,SKYLAH,1
,,,SKYLER,1
,,,SLOANE,1
,,,SNEHA,1
,,,SOFI,4
,,,SOFIA,51
,,,SOFIA-JOY-LINN,1
,,,SOFIE,3
,,,SOFJA,1
,,,SOHA,1
,,,SOMAYA,1
,,,SOMAYIA,1
,,,SOMER,2
,,,SOMMER,5
,,,SONIA,2
,,,SONJA,1
,,,SONNY,1
,,,SONYA,1
,,,SOPHEA,1
,,,SOPHEY,1
,,,SOPHIA,84
,,,SOPHIA-MAY,1
,,,SOPHIALEILA,1
,,,SOPHIE,678
,,,SOPHIE-ALESHA,1
,,,SOPHIE-DEE,1
,,,SOPHIE-LEAH,1
,,,SOPHIE-LEE,2
,,,SOPHIE-LEIGH,2
,,,SOPHIE-LI,1
,,,SOPHIE-LOUISE,2
,,,SOPHIE-MAE,1
,,,SOPHIE-MARIE,1
,,,SOPHIE-MAY,1
,,,SORCHA,5
,,,SORREL,1
,,,SOUMAYA,1
,,,STACEY,3
,,,STAR,1
,,,STARR,4
,,,STEEVI,1
,,,STEFANI,1
,,,STEFANIA,1
,,,STEFI,1
,,,STELLA,14
,,,STEPHANIE,14
,,,STEPHANNIE,1
,,,STEPHENIE,1
,,,STERLIN,1
,,,STEVI,2
,,,STEVIE,4
,,,STEVIE-GI,1
,,,SUADA,1
,,,SUBHIYA,1
,,,SUE,1
,,,SUFIYAH,1
,,,SUIREN,1
,,,SUKANA,1
,,,SUKHVEER,1
,,,SUKI,1
,,,SULA,2
,,,SUMAB,1
,,,SUMAIRA,1
,,,SUMAIYAH,1
,,,SUMAYA,1
,,,SUMEYYAH,1
,,,SUMMER,138
,,,SUMMER-LEIGH,1
,,,SUMMER-LOUISE,3
,,,SUNAYNA,1
,,,SUNEHA,1
,,,SUNMIN,1
,,,SUNNY,2
,,,SUPRECHHYA,1
,,,SURAYA,1
,,,SURI,1
,,,SURIAYA,1
,,,SUSAN,5
,,,SUSANNA,6
,,,SUSANNAH,1
,,,SUSIE,1
,,,SUZANNA,2
,,,SUZANNE,4
,,,SUZI,1
,,,SUZIE,2
,,,SUZY,2
,,,SYDNEY,4
,,,SYDNIE,1
,,,SYEDA,6
,,,SYLVIA,2
,,,SYLVIE,7
,,,SYLVIE-MAE,1
,,,SÌNE,1
,,,TAARA,1
,,,TABAI,1
,,,TABARAK,1
,,,TABITHA,9
,,,TADHGAN,1
,,,TADIWANASHE,1
,,,TAHLIA,3
,,,TAHMINA,1
,,,TAHSEEN,1
,,,TAIMA,1
,,,TAIVEN,1
,,,TAIWO,1
,,,TALA,1
,,,TALIA,8
,,,TALIA-ASHLEY,1
,,,TALIAH,1
,,,TALITHA,1
,,,TALIYAH,1
,,,TALLIE,1
,,,TALLULAH,1
,,,TALVIR,1
,,,TAMAR,2
,,,TAMARA,6
,,,TAMARA-LEIGH,1
,,,TAMARAH,1
,,,TAMI,1
,,,TAMIA,1
,,,TAMMI,1
,,,TAMMIE,1
,,,TAMMY,4
,,,TAMSIN,3
,,,TAMZIN,10
,,,TAMZYN,1
,,,TANAI,1
,,,TANISHA,1
,,,TANISHAA,1
,,,TANIT,1
,,,TANITH,2
,,,TANYA,3
,,,TANZIL,1
,,,TARA,10
,,,TARANPREET,1
,,,TARLIE,1
,,,TASMIN,1
,,,TASNEM,1
,,,TASNIM,2
,,,TATIANA,2
,,,TATJANA,1
,,,TAWNIA,1
,,,TAWNY,1
,,,TAY,1
,,,TAYA,2
,,,TAYLA,5
,,,TAYLA-JAI,1
,,,TAYLAH,1
,,,TAYLAN,1
,,,TAYLAR,1
,,,TAYLER,6
,,,TAYLOR,87
,,,TAYLOR-JAY,1
,,,TAYLOR-LEIGH,2
,,,TAYLOR-MAREE,1
,,,TAYLOR-MARGARET,1
,,,TAYLORANN,1
,,,TAYTE,1
,,,TEAGAN,19
,,,TEAGEN,1
,,,TEAH,1
,,,TEARA,1
,,,TECEE,1
,,,TEEA,1
,,,TEEGAN,16
,,,TEGAN,32
,,,TEGAN-LAN,1
,,,TEGAN-MARIE,1
,,,TEHREEM,1
,,,TEHYA,1
,,,TEIGAN,22
,,,TEIGAN-LILY,1
,,,TEIGHAN,9
,,,TEIRAH-LEIGH,1
,,,TEMILOLA,1
,,,TEMITOPE,1
,,,TENEISHA,1
,,,TENZIN,1
,,,TEONI,1
,,,TERI,2
,,,TERI-LOUISE,1
,,,TERILEE,1
,,,TERRI,5
,,,TERRI-LEE,1
,,,TERRI-LEIGH,1
,,,TESS,9
,,,TESSA,6
,,,TEYANNA,1
,,,TEYLA,1
,,,TEYMA,1
,,,THAI,1
,,,THALIA,1
,,,THAMANNA,1
,,,THANDIWE,1
,,,THEA,10
,,,THEIA,1
,,,THERESA,1
,,,THERUNI,1
,,,THIKRA,1
,,,THUBELIHLE,1
,,,THURAYAH,1
,,,TIA,34
,,,TIA-ROSE,2
,,,TIAA,1
,,,TIAH,3
,,,TIALA,1
,,,TIAMII,1
,,,TIAMMI,1
,,,TIAN,1
,,,TIANA,7
,,,TIANNA,4
,,,TIANNAH,1
,,,TIANYI,1
,,,TIARRA,1
,,,TIEGAN,13
,,,TIEGHAN,1
,,,TIFFANY,3
,,,TIFFANY-ANNE,1
,,,TIJA,1
,,,TILDA,1
,,,TILLIE,1
,,,TILLY,19
,,,TILLY-ROSE,1
,,,TINA,5
,,,TIOLUWANI,1
,,,TIONNA,1
,,,TIRAJ,1
,,,TITA,1
,,,TITILAYO,1
,,,TOLA,1
,,,TONI,4
,,,TONI-LEE,1
,,,TONI-LOUISE,1
,,,TONI-MARIE,2
,,,TONII,1
,,,TONISHA,1
,,,TORI,8
,,,TORI-LEIGH,1
,,,TORUNN,1
,,,TOULEEN,1
,,,TRACEY,1
,,,TRACI,1
,,,TRACY,3
,,,TRINITY,2
,,,TRISHA,2
,,,TRISTA,1
,,,TRIXIE,1
,,,TRUDI,1
,,,TSNEEM,1
,,,TULISA,1
,,,TULUN,1
,,,TWISILE,1
,,,TWYLA,1
,,,TYLA,2
,,,TYLAR,1
,,,TYLER,11
,,,TYNE,1
,,,TYRA,2
,,,TYREE,1
,,,UEMUVANGA,1
,,,UFUOMA,1
,,,ULA,2
,,,ULVIK,1
,,,UMMUL,1
,,,UNA,1
,,,URBAN,1
,,,URSULA,2
,,,URSZULA,1
,,,URWAH,1
,,,USHNA,1
,,,VAILA,2
,,,VAISHANA,1
,,,VALENCIA,1
,,,VALENTINA,4
,,,VALERIA,1
,,,VALERIJA,1
,,,VANESA,1
,,,VANESSA,10
,,,VANILLA,1
,,,VEDA,1
,,,VERITY,6
,,,VERITY-ANNE,1
,,,VERONICA,5
,,,VERONICA-LOURDES,1
,,,VERONIKA,2
,,,VESTA,2
,,,VIBHA,1
,,,VICKA,1
,,,VICKY,1
,,,VICTORIA,30
,,,VIERA,1
,,,VIKTORIA,6
,,,VIKTORIJA,1
,,,VILTE,1
,,,VINCENZA,1
,,,VIOLET,16
,,,VIRIKA,1
,,,VIVIAN,1
,,,VIVIANA,1
,,,VIVIEN,1
,,,VIVIENNE,2
,,,VOE,1
,,,VYTAUTE,1
,,,WAFA,1
,,,WAFEEQA,1
,,,WAJEEHA,1
,,,WANDA,1
,,,WANIA,1
,,,WAREESHA,1
,,,WAYNA,1
,,,WEA-SEPHINA,1
,,,WEGAN,1
,,,WEI,1
,,,WEN,1
,,,WENDY,1
,,,WENJIA,1
,,,WERONIKA,9
,,,WIKTORIA,15
,,,WILAMYNA,1
,,,WILHELMINA,1
,,,WILLOW,21
,,,WINNIE,1
,,,WINONA,1
,,,WREN,1
,,,WYNNE,1
,,,XAVREAH,1
,,,XENIA,1
,,,XIAO,1
,,,XIN,4
,,,XINDI,1
,,,XIOMARA,1
,,,XSANA-LEE,1
,,,YA,1
,,,YACOUT,1
,,,YAN,1
,,,YANA,2
,,,YANAN,1
,,,YANTI,1
,,,YAQEEN,1
,,,YARA,2
,,,YARAN,1
,,,YAREN,1
,,,YASEMIN,1
,,,YASHILA,1
,,,YASHVI,1
,,,YASMIN,12
,,,YASMINA,1
,,,YASMINE,5
,,,YAZMIN,3
,,,YAZMINE,2
,,,YEVA,1
,,,YEVAH,1
,,,YI,1
,,,YIJIA,1
,,,YING,1
,,,YINGGE,1
,,,YIQING,1
,,,YIXIN,1
,,,YOELLA,1
,,,YOLANDA,1
,,,YOUSRA,1
,,,YOYO,1
,,,YU,5
,,,YUCHEN,1
,,,YUE,1
,,,YUEYANG,1
,,,YUKE,1
,,,YURAN,1
,,,YUSHRA,1
,,,YUSRA,3
,,,YVIE,15
,,,YVONNE,3
,,,ZAARA,1
,,,ZAHRA,8
,,,ZAHRAA,3
,,,ZAHRAH,1
,,,ZAIN,1
,,,ZAINA,3
,,,ZAINAB,15
,,,ZAINAIB,1
,,,ZAINEB,1
,,,ZAKIYYA,1
,,,ZANA,1
,,,ZANZARA,1
,,,ZARA,105
,,,ZARAAH,1
,,,ZARAH,3
,,,ZARIA,1
,,,ZARRAH,1
,,,ZARYN,1
,,,ZAYNAB,4
,,,ZEAH,1
,,,ZEENAT,2
,,,ZEHNA,1
,,,ZELMA,1
,,,ZENIYAH,1
,,,ZENNOR,1
,,,ZEYNEP,1
,,,ZHEN,2
,,,ZIA,5
,,,ZIARA,1
,,,ZIENAB,1
,,,ZIHAN,1
,,,ZINA,1
,,,ZIXUAN,1
,,,ZIYA,1
,,,ZIZA,1
,,,ZOE,151
,,,ZOE-LEIGH,1
,,,ZOEY,6
,,,ZOFIA,13
,,,ZOHA,3
,,,ZOHAH,1
,,,ZOHRA,1
,,,ZOIE,1
,,,ZOLA,1
,,,ZORA,1
,,,ZOUINA,1
,,,ZOYA,5
,,,ZULAIKHA,2
,,,ZULEKHA,1
,,,ZUNAIRA,2
,,,ZUNAIRAH,1
,,,ZUNAYRAH,1
,,,ZUZANNA,26
